,rat_id,study_day,condition,treatment,trial_num,rem_start,rem_end,event_strings
0,5,8,HC,0,3,1331,1485,TPTPTPT
1,5,8,HC,0,3,2428,2475,TPT
2,5,8,HC,0,2,411,496,TPTPTPTPT
3,5,8,HC,0,2,1564,1620,TPTPTPT
4,5,8,HC,0,2,1625,1709,TPT
5,5,8,HC,0,2,2480,2653,TPTPT
6,5,8,HC,0,4,657,711,T
7,5,8,HC,0,4,736,804,TPTPT
8,5,8,HC,0,4,821,860,TPT
9,5,8,HC,0,4,1669,1783,TPTPTPT
10,5,8,HC,0,4,1873,1914,T
11,5,8,HC,0,5,708,820,TPTPTPT
12,5,8,HC,0,5,850,888,T
13,5,8,HC,0,5,1267,1314,T
14,5,8,HC,0,5,1753,1904,TPT
15,5,8,HC,0,5,1943,2076,TPTPT
16,5,8,HC,0,5,5464,5537,TPT
17,5,8,HC,0,5,5635,5661,T
18,5,8,HC,0,5,6188,6253,T
19,5,8,HC,0,5,6858,6901,TPT
20,5,8,HC,0,5,6942,6979,TPT
21,5,8,HC,0,5,7635,7675,T
22,5,8,HC,0,5,8915,9013,TPTPTPTPTPTP
23,5,16,OR,1,5,1246,1376,TPTPTPTPT
24,5,16,OR,1,5,2388,2510,TPTPTPTPTPT
25,5,16,OR,1,5,3247,3330,TPTPT
26,5,16,OR,1,5,4002,4173,T
27,5,16,OR,1,5,7138,7256,TPT
28,5,16,OR,1,5,9500,9575,TPTPTPT
29,5,16,OR,1,5,10137,10201,TPTPTPT
30,5,16,OR,1,5,10846,10937,PTPTPTPTPTPT
31,5,16,OR,1,4,1134,1224,TPTPTPT
32,5,2,OR,0,4,1855,1899,TPTPT
33,5,2,OR,0,4,1977,2053,T
34,5,2,OR,0,2,1659,1759,TPTPTPT
35,5,2,OR,0,2,2357,2384,T
36,5,2,OR,0,5,1043,1185,TPTPT
37,5,2,OR,0,5,2141,2199,TPTPT
38,5,2,OR,0,5,2608,2794,TPTPT
39,5,2,OR,0,3,1381,1413,TPTPTPT
40,5,2,OR,0,3,1671,1790,TPT
41,5,2,OR,0,3,1839,1876,T
42,5,2,OR,0,1,2203,2292,TPT
43,5,1,OR,1,5,1527,1646,TPTPTPTPT
44,5,1,OR,1,5,2197,2219,PTPT
45,5,1,OR,1,5,2358,2399,T
46,5,1,OR,1,5,2795,2809,T
47,5,1,OR,1,5,2871,2989,TPT
48,5,1,OR,1,3,1890,1902,T
49,5,1,OR,1,3,1905,1961,TPTPTPT
50,5,1,OR,1,4,780,902,TPTPT
51,5,1,OR,1,4,1551,1563,T
52,5,1,OR,1,4,1786,1831,TP
53,5,1,OR,1,4,1836,1901,TPTPTPT
54,5,3,OD,0,4,1006,1113,TPTPTPT
55,5,3,OD,0,4,1735,1757,T
56,5,3,OD,0,4,1787,1855,TPTPTPT
57,5,3,OD,0,3,995,1107,TPTPT
58,5,3,OD,0,5,1866,1943,TPTPT
59,5,14,OR,0,5,1517,1588,TPTPTPT
60,5,14,OR,0,4,1168,1293,TPT
61,5,14,OR,0,4,1932,2002,T
62,5,14,OR,0,4,2645,2699,TPTPTPTPTP
63,5,14,OR,0,2,1517,1616,TPTPTPT
64,5,14,OR,0,3,1420,1504,TPT
65,5,14,OR,0,3,2084,2200,TPTPTPT
66,5,4,HC,0,2,1171,1212,T
67,5,4,HC,0,2,1260,1370,TPTPT
68,5,4,HC,0,2,2892,2924,PTPT
69,5,4,HC,0,5,1419,1484,TPTPTPT
70,5,4,HC,0,5,1506,1592,TPT
71,5,4,HC,0,5,1634,1664,T
72,5,4,HC,0,5,2307,2331,T
73,5,4,HC,0,5,2414,2628,T
74,5,4,HC,0,5,3293,3466,TPTPTPTPTPTPTPTPT
75,5,4,HC,0,5,3513,3600,TPTPT
76,5,4,HC,0,5,4791,4874,TPT
77,5,4,HC,0,5,4896,5002,TPT
78,5,4,HC,0,5,6810,6929,PTPTPTPTPTPT
79,5,4,HC,0,5,7264,7273,T
80,5,4,HC,0,5,7544,7559,T
81,5,4,HC,0,5,7620,7664,T
82,5,4,HC,0,5,7781,7822,PT
83,5,4,HC,0,5,8168,8256,T
84,5,4,HC,0,5,10662,10718,PTPTPT
85,5,4,HC,0,4,644,745,TPTPTPT
86,5,4,HC,0,4,1568,1598,T
87,5,4,HC,0,4,1616,1710,TPT
88,5,4,HC,0,4,2674,2692,T
89,5,4,HC,0,1,1480,1526,T
90,5,4,HC,0,1,2081,2278,TPTPT
91,5,4,HC,0,3,518,737,TPTPTPTPTPT
92,5,4,HC,0,3,1835,1945,TPTPT
93,5,4,HC,0,3,1978,1999,T
94,5,5,OD,1,5,920,1041,T
95,5,5,OD,1,5,1681,1745,T
96,5,5,OD,1,5,2199,2239,TPTPT
97,5,5,OD,1,5,2265,2378,TPT
98,5,5,OD,1,5,2422,2439,T
99,5,5,OD,1,5,2932,2946,TPT
100,5,5,OD,1,5,3052,3077,T
101,5,5,OD,1,5,3135,3260,TPTPTPTPT
102,5,5,OD,1,5,5435,5473,TPTPT
103,5,5,OD,1,5,5913,5944,TPT
104,5,5,OD,1,5,5949,5983,TPT
105,5,5,OD,1,5,6019,6034,TPT
106,5,5,OD,1,5,6325,6360,TPTPT
107,5,5,OD,1,5,8406,8436,T
108,5,5,OD,1,5,8504,8514,T
109,5,5,OD,1,2,1452,1477,TPTPTPT
110,5,5,OD,1,2,1957,2026,T
111,5,5,OD,1,3,1217,1298,TPTP
112,5,5,OD,1,3,1300,1343,PT
113,5,5,OD,1,3,1989,2018,TPT
114,5,5,OD,1,3,2058,2102,T
115,5,5,OD,1,4,1100,1159,TPTPTPT
116,5,5,OD,1,4,1692,1804,PTPT
117,5,17,HC,1,5,3774,3938,TPTPT
118,5,17,HC,1,5,4807,4901,TPTPT
119,5,17,HC,1,5,5703,5839,TPTPTPTPT
120,5,17,HC,1,5,5899,5941,T
121,5,17,HC,1,5,6942,6976,TPTPTPT
122,5,17,HC,1,5,8469,8566,TPTPT
123,5,17,HC,1,5,9099,9181,TPTPT
124,5,7,HC,1,3,1200,1448,TPTPTPT
125,5,7,HC,1,3,2431,2643,TPTPTPTPT
126,5,7,HC,1,2,1149,1214,TPTPTPTPT
127,5,7,HC,1,2,1882,2059,TPTPT
128,5,7,HC,1,2,2632,2698,T
129,5,7,HC,1,4,844,874,TPT
130,5,7,HC,1,4,1549,1662,TPTPTPT
131,5,7,HC,1,4,1689,1815,TPT
132,5,7,HC,1,5,976,1135,TPTPTPTPTPT
133,5,7,HC,1,5,1633,1643,PT
134,5,7,HC,1,5,1747,1904,PTPTPT
135,5,7,HC,1,5,2694,2725,TPT
136,5,7,HC,1,5,3032,3106,T
137,5,7,HC,1,5,3191,3263,T
138,5,7,HC,1,5,5271,5306,T
139,5,7,HC,1,5,7233,7280,TPT
140,5,7,HC,1,5,7703,7760,T
141,5,7,HC,1,5,7872,7944,T
142,5,7,HC,1,5,8483,8599,TPTPT
143,5,6,HC,1,2,435,461,T
144,5,6,HC,1,2,991,1046,T
145,5,6,HC,1,2,1081,1156,TPTPTPT
146,5,6,HC,1,2,2041,2168,TPTPT
147,5,6,HC,1,3,1254,1282,TPT
148,5,6,HC,1,3,1905,2002,TPTPT
149,5,6,HC,1,5,2567,2660,TPTPTPT
150,5,6,HC,1,5,3713,3822,TPTPTPTPT
151,5,6,HC,1,5,6707,6725,T
152,5,6,HC,1,5,7510,7631,TPTPTPTPTPT
153,5,6,HC,1,5,8467,8494,T
154,5,6,HC,1,4,1006,1101,T
155,5,6,HC,1,4,1584,1738,TPTPTPTPT
156,3,6,OD,1,2,2011,2103,T
157,3,6,OD,1,4,939,1026,TPTPT
158,3,6,OD,1,4,1482,1542,TPT
159,3,6,OD,1,4,2314,2330,T
160,3,6,OD,1,4,2373,2414,TPT
161,3,6,OD,1,5,1000,1163,TPTPT
162,3,6,OD,1,5,2088,2243,TPT
163,3,6,OD,1,5,2885,2969,TPTPTPT
164,3,6,OD,1,5,3404,3422,TPT
165,3,6,OD,1,5,3601,3608,T
166,3,6,OD,1,5,3710,3843,TPTPT
167,3,6,OD,1,5,4278,4302,T
168,3,6,OD,1,5,4606,4618,TPT
169,3,6,OD,1,5,5012,5020,PT
170,3,6,OD,1,5,5121,5219,T
171,3,6,OD,1,5,5543,5638,T
172,3,6,OD,1,5,5920,5971,T
173,3,6,OD,1,5,6108,6134,T
174,3,6,OD,1,5,6496,6534,TPTPTPTPT
175,3,6,OD,1,5,6815,6824,T
176,3,6,OD,1,5,7366,7380,T
177,3,6,OD,1,5,9366,9375,TPT
178,3,6,OD,1,3,1371,1407,TPT
179,3,6,OD,1,3,1452,1591,TPT
180,3,6,OD,1,1,1408,1481,TPT
181,3,6,OD,1,1,2309,2472,TPTPTPT
182,3,7,HC,1,2,2610,2699,TPTPT
183,3,7,HC,1,3,1929,2052,TPTPT
184,3,7,HC,1,3,2133,2161,T
185,3,7,HC,1,5,4866,4959,TPT
186,3,7,HC,1,5,7349,7397,PTPT
187,3,7,HC,1,5,7778,7816,PT
188,3,7,HC,1,5,8480,8603,TPTPTPT
189,3,7,HC,1,5,9632,9757,TPTPTPTPTPTPTPTPT
190,3,7,HC,1,5,10369,10389,TPT
191,3,7,HC,1,5,10609,10677,T
192,3,7,HC,1,4,1585,1687,TPTPTPTPTPTPT
193,3,7,HC,1,4,1723,1783,T
194,3,7,HC,1,4,1844,1910,T
195,3,7,HC,1,4,2618,2673,TPT
196,3,2,HC,0,4,1724,1781,TPT
197,3,2,HC,0,4,2392,2496,PTPT
198,3,2,HC,0,5,1464,1619,TPTPTPTPT
199,3,2,HC,0,5,2887,3030,TPT
200,3,2,HC,0,5,3713,3742,T
201,3,2,HC,0,5,4165,4262,TPTPT
202,3,2,HC,0,5,6652,6702,TPT
203,3,2,HC,0,5,7916,8059,TPTPTPTPTPTPT
204,3,2,HC,0,3,1871,1990,TPTPTPT
205,3,17,HC,0,5,697,774,TPT
206,3,17,HC,0,5,812,822,T
207,3,17,HC,0,5,865,943,T
208,3,17,HC,0,5,2218,2301,TPTPTPT
209,3,17,HC,0,5,3561,3649,TPTPT
210,3,17,HC,0,5,5999,6059,T
211,3,17,HC,0,5,6586,6705,TPTPTPTPTPT
212,3,17,HC,0,5,6929,6971,T
213,3,17,HC,0,4,917,1014,TPTPT
214,3,17,HC,0,4,2389,2477,TPT
215,3,17,HC,0,3,1984,2101,TPTP
216,3,9,HC,1,4,1651,1791,TPTPTPTPT
217,3,9,HC,1,4,2304,2366,T
218,3,9,HC,1,5,374,383,T
219,3,9,HC,1,5,1078,1099,TPT
220,3,9,HC,1,5,1884,1910,T
221,3,9,HC,1,5,1916,1958,T
222,3,9,HC,1,5,2581,2602,T
223,3,9,HC,1,5,3191,3209,PTPT
224,3,9,HC,1,5,3661,3719,TPT
225,3,9,HC,1,5,4277,4307,T
226,3,9,HC,1,5,4450,4481,T
227,3,9,HC,1,5,4655,4665,T
228,3,9,HC,1,5,5024,5038,TPTPTPT
229,3,9,HC,1,5,5157,5172,T
230,3,9,HC,1,5,5433,5478,TPT
231,3,9,HC,1,5,7019,7044,TPT
232,3,9,HC,1,5,10446,10502,TPTPT
233,3,9,HC,1,3,1880,1970,TPT
234,3,8,HC,0,4,713,843,TPTPT
235,3,8,HC,0,4,1578,1740,TPTPTPTPTPT
236,3,8,HC,0,4,2425,2493,TPT
237,3,8,HC,0,5,983,1087,TPTPTPT
238,3,8,HC,0,5,1149,1186,T
239,3,8,HC,0,5,1681,1774,PTPTPT
240,3,8,HC,0,5,2842,2961,PTPT
241,3,8,HC,0,5,3717,3798,TPTPT
242,3,8,HC,0,5,5487,5712,TPTPTPTPTPTPTPTPT
243,3,8,HC,0,5,6265,6298,TPTPT
244,3,8,HC,0,5,6362,6502,TPT
245,3,8,HC,0,5,6526,6628,TPT
246,3,8,HC,0,5,7904,7933,T
247,3,8,HC,0,3,1313,1330,TPT
248,3,8,HC,0,3,1530,1616,TPT
249,3,8,HC,0,3,1708,1768,TPT
250,3,4,OD,0,3,1644,1688,TPT
251,3,4,OD,0,3,1712,1803,TPT
252,3,4,OD,0,4,1091,1166,TPTPT
253,3,4,OD,0,4,1757,1802,TPT
254,3,4,OD,0,4,2569,2584,T
255,3,4,OD,0,5,1501,1559,TPTPTP
256,3,4,OD,0,5,1789,1814,PT
257,3,4,OD,0,5,2009,2045,T
258,3,4,OD,0,5,2143,2240,TPTPT
259,3,4,OD,0,5,2330,2345,T
260,3,4,OD,0,5,2999,3031,TPTPT
261,3,4,OD,0,5,3050,3127,TPTPT
262,3,4,OD,0,5,3933,3959,TPT
263,3,4,OD,0,5,4345,4471,TPTPT
264,3,4,OD,0,5,4592,4706,TPT
265,3,4,OD,0,5,5570,5620,TPTPT
266,3,4,OD,0,5,5969,6034,TPTPTPT
267,3,4,OD,0,5,6648,6758,T
268,3,4,OD,0,5,7076,7156,T
269,3,1,OR,1,5,1008,1091,TPTPT
270,3,1,OR,1,5,1386,1421,TPTPT
271,3,1,OR,1,5,2451,2593,TPTPTPT
272,3,1,OR,1,5,3556,3607,T
273,3,1,OR,1,5,4293,4345,TP
274,3,1,OR,1,5,4751,4830,TPT
275,3,1,OR,1,5,7703,7803,T
276,3,1,OR,1,5,8292,8327,T
277,3,1,OR,1,4,1371,1449,PT
278,3,5,HC,0,1,2138,2183,T
279,3,5,HC,0,5,1105,1172,TPTPTP
280,3,5,HC,0,5,2405,2496,T
281,3,5,HC,0,5,3740,3854,TPTPT
282,3,5,HC,0,5,4491,4533,T
283,3,5,HC,0,5,4586,4613,T
284,3,5,HC,0,5,5614,5679,PTPT
285,3,5,HC,0,5,6665,6829,TPT
286,3,5,HC,0,5,7349,7465,TPTPTPT
287,3,5,HC,0,5,8277,8381,TPTPT
288,3,5,HC,0,5,8815,8847,T
289,3,5,HC,0,5,8974,9017,TPT
290,3,3,OR,0,5,1945,1997,PTPT
291,3,3,OR,0,5,2555,2612,TPTPTPT
292,3,3,OR,0,5,2638,2742,TPT
293,3,3,OR,0,5,3420,3525,T
294,3,3,OR,0,5,3576,3603,T
295,3,3,OR,0,5,4260,4302,T
296,3,3,OR,0,5,4326,4467,PTPTPTPT
297,3,3,OR,0,5,5623,5768,TPTPTPTPT
298,3,3,OR,0,5,6663,6726,TPTPT
299,3,3,OR,0,5,6777,6844,TPTPT
300,3,3,OR,0,5,7711,7787,PT
301,3,3,OR,0,5,7809,7851,TPT
302,3,3,OR,0,4,1578,1703,TPTPTPTPTPT
303,3,3,OR,0,4,2687,2699,T
304,3,3,OR,0,3,1529,1558,TPT
305,3,3,OR,0,3,1587,1603,T
306,3,3,OR,0,2,2378,2446,T
307,3,16,OR,1,5,1165,1187,T
308,3,16,OR,1,5,1560,1621,TPT
309,3,16,OR,1,5,2243,2327,TPTPT
310,3,16,OR,1,5,2401,2471,T
311,3,16,OR,1,5,3799,3861,TPTPTPT
312,3,16,OR,1,5,4542,4570,T
313,3,16,OR,1,5,6748,6861,TPT
314,3,16,OR,1,3,1596,1632,T
315,3,16,OR,1,3,2177,2307,T
316,3,16,OR,1,4,1698,1792,TPT
317,4,4,OD,1,5,1455,1575,TPTPT
318,4,4,OD,1,5,2795,2817,T
319,4,4,OD,1,5,2889,3051,TPT
320,4,4,OD,1,5,3671,3797,TPTPTPT
321,4,4,OD,1,5,4411,4517,TPTPTPTPT
322,4,4,OD,1,5,4544,4666,TPTPT
323,4,4,OD,1,5,6072,6237,TPTPTPTPTPT
324,4,4,OD,1,5,6502,6566,T
325,4,4,OD,1,5,7168,7196,TPT
326,4,4,OD,1,5,7602,7725,PTPTPTPTPTPT
327,4,4,OD,1,5,8007,8079,TPT
328,4,4,OD,1,3,1485,1500,T
329,4,5,HC,0,4,2375,2484,PTPTPT
330,4,5,HC,0,5,4185,4308,TPTPTPT
331,4,5,HC,0,5,4583,4701,TPTPTPT
332,4,5,HC,0,5,5351,5418,T
333,4,5,HC,0,5,6388,6440,TPTPTPTPT
334,4,5,HC,0,5,7623,7638,T
335,4,5,HC,0,2,2064,2166,TPTPTPT
336,4,17,HC,0,5,841,961,TPTPTPTPT
337,4,17,HC,0,5,1830,1871,T
338,4,17,HC,0,5,2107,2274,TPTPTPTPTPT
339,4,17,HC,0,5,4535,4660,TPT
340,4,17,HC,0,5,5916,5938,T
341,4,17,HC,0,5,6021,6081,TPT
342,4,17,HC,0,5,6446,6618,TPTPTPT
343,4,17,HC,0,5,9487,9572,TPTPT
344,4,17,HC,0,3,2522,2616,TPTPT
345,4,9,HC,0,4,1001,1110,TPTPT
346,4,9,HC,0,4,1946,2032,TPTPTPT
347,4,9,HC,0,4,2561,2719,TPTPTPTPTPTP
348,4,9,HC,0,5,751,831,TPTPT
349,4,9,HC,0,5,2513,2632,T
350,4,9,HC,0,5,3563,3590,T
351,4,9,HC,0,5,3660,3841,TPTPTPTPTPTPTPTPTPTPT
352,4,9,HC,0,5,4704,4718,PTPT
353,4,9,HC,0,5,7028,7106,T
354,4,9,HC,0,5,9115,9158,T
355,4,9,HC,0,5,9521,9614,TPTPT
356,4,9,HC,0,5,9834,9866,T
357,4,9,HC,0,3,1599,1722,TPTPTPT
358,4,3,OR,1,5,1589,1616,T
359,4,3,OR,1,5,1953,2100,TPTPTPT
360,4,3,OR,1,5,2940,3028,TPTPT
361,4,3,OR,1,5,3449,3501,T
362,4,3,OR,1,5,4140,4227,TPTPTPTPT
363,4,3,OR,1,5,4342,4383,T
364,4,3,OR,1,5,6354,6530,TPTPTPTPTPTPT
365,4,3,OR,1,5,9195,9301,TPTPT
366,4,3,OR,1,3,1469,1476,T
367,4,3,OR,1,3,2113,2385,TPTPTPTPTPT
368,4,3,OR,1,4,1290,1435,TPTPTPTPT
369,4,7,HC,1,4,2267,2391,TPTPT
370,4,7,HC,1,5,2184,2340,TPTPTPTPTPT
371,4,7,HC,1,5,3094,3220,TPTPT
372,4,7,HC,1,5,4065,4220,TPTPTPTPT
373,4,7,HC,1,5,4778,4813,T
374,4,7,HC,1,5,5174,5295,TPTPTPTPT
375,4,7,HC,1,5,6728,6777,T
376,4,7,HC,1,5,6988,7059,TPTPTPT
377,4,7,HC,1,5,7360,7460,PTPTPT
378,4,7,HC,1,5,7793,7868,TPT
379,4,7,HC,1,5,8332,8407,T
380,4,7,HC,1,5,8474,8508,PTPTPT
381,4,2,HC,0,3,1904,1922,T
382,4,2,HC,0,2,449,464,T
383,4,2,HC,0,2,712,839,TPTPTPTPTPT
384,4,2,HC,0,5,749,867,TPTPTPT
385,4,2,HC,0,5,4679,4740,T
386,4,2,HC,0,1,2342,2399,T
387,4,6,OD,0,4,1234,1312,TPT
388,4,6,OD,0,4,1870,1906,TPT
389,4,6,OD,0,4,2560,2577,TPT
390,4,6,OD,0,3,1238,1247,T
391,4,6,OD,0,3,1509,1600,TPTPTPTPT
392,4,6,OD,0,3,2106,2249,TPTPT
393,4,6,OD,0,5,979,1189,PTPTPTPT
394,4,6,OD,0,5,2081,2195,TPTPTPTPT
395,4,6,OD,0,5,2235,2258,T
396,4,6,OD,0,5,2631,2737,TPTPT
397,4,6,OD,0,5,3263,3328,T
398,4,6,OD,0,5,4723,4853,TPTPTPTPT
399,4,6,OD,0,5,5360,5382,T
400,4,6,OD,0,5,7453,7524,T
401,4,6,OD,0,5,8317,8335,T
402,4,6,OD,0,5,8602,8719,TPTPTPTPTPT
403,4,6,OD,0,2,2444,2557,TPTPT
404,4,8,HC,1,5,1420,1454,PT
405,4,8,HC,1,5,1707,1858,TPTPTPTPT
406,4,8,HC,1,5,2254,2305,TPT
407,4,8,HC,1,5,4393,4558,TPTPTPTPTPT
408,4,8,HC,1,5,5187,5268,PT
409,4,8,HC,1,5,5618,5690,T
410,4,8,HC,1,5,7076,7221,TPTPTPT
411,4,8,HC,1,5,7543,7576,T
412,4,8,HC,1,5,7827,7880,T
413,4,8,HC,1,4,1391,1543,TPTPTPTPT
414,4,8,HC,1,4,2166,2223,PTPTPT
415,4,16,OR,0,5,1394,1508,TPT
416,4,16,OR,0,5,2173,2179,T
417,4,16,OR,0,5,2374,2487,TPTPTPTPTPT
418,4,16,OR,0,5,3183,3188,T
419,4,16,OR,0,5,3241,3286,T
420,4,16,OR,0,5,4705,4732,T
421,4,16,OR,0,5,5056,5240,TPTPTPTPTPTPTPTPT
422,4,16,OR,0,5,5989,5995,T
423,4,16,OR,0,5,6070,6121,T
424,4,16,OR,0,5,6670,6750,TPT
425,4,16,OR,0,5,7012,7076,TPTPT
426,4,16,OR,0,5,7121,7151,T
427,4,16,OR,0,4,2192,2267,TPT
428,4,16,OR,0,4,2632,2642,T
429,4,1,OR,0,5,1457,1491,T
430,4,1,OR,0,5,1584,1672,TPT
431,4,1,OR,0,5,2291,2447,TPTPTPT
432,4,1,OR,0,5,3706,3746,T
433,4,1,OR,0,5,4128,4229,TPTPTPTPTPTPTPT
434,4,1,OR,0,5,7388,7464,TPTPT
435,4,1,OR,0,5,7956,8019,T
436,4,1,OR,0,5,8342,8358,T
437,4,1,OR,0,5,8727,8852,TPTPTPTPTPT
438,4,1,OR,0,5,8894,8926,T
439,4,1,OR,0,5,9618,9672,TPT
440,9,4,CON,2,4,752,775,T
441,9,4,CON,2,4,1142,1265,TPTPTPTPT
442,9,4,CON,2,4,1823,1838,T
443,9,4,CON,2,4,2041,2090,TPT
444,9,4,CON,2,4,2117,2234,TPTPT
445,9,4,CON,2,3,1439,1587,TPTPTPTPT
446,9,4,CON,2,3,2075,2089,T
447,9,4,CON,2,3,2330,2475,TPTPTPT
448,9,4,CON,2,2,1388,1402,T
449,9,4,CON,2,2,1751,1821,TPT
450,9,4,CON,2,2,2366,2533,TPTPTPTPTPTPTPT
451,9,4,CON,2,5,922,985,TPTPT
452,9,4,CON,2,5,1247,1261,T
453,9,4,CON,2,5,1468,1531,TPT
454,9,4,CON,2,5,1623,1741,PTPTPT
455,9,4,CON,2,5,2252,2429,TPTPTPTPT
456,9,4,CON,2,5,3036,3090,T
457,9,4,CON,2,5,3347,3352,T
458,9,4,CON,2,5,3570,3674,TPT
459,9,4,CON,2,5,6143,6301,TPTPTPTPTPTPT
460,9,4,CON,2,5,6723,6743,T
461,9,4,CON,2,5,7140,7178,T
462,9,4,CON,2,5,7405,7616,TPTPTPTPT
463,4,3,CON,3,1,1625,1643,T
464,4,3,CON,3,1,1800,1838,T
465,4,3,CON,3,1,1972,2024,TPT
466,4,3,CON,3,2,1069,1089,T
467,4,3,CON,3,2,1300,1305,T
468,4,3,CON,3,2,1315,1376,TPTPT
469,4,3,CON,3,2,1392,1460,TPTPTPT
470,4,3,CON,3,2,2055,2072,T
471,4,3,CON,3,2,2289,2328,TPTP
472,4,3,CON,3,2,2374,2466,TPTPTPT
473,4,3,CON,3,3,733,745,T
474,4,3,CON,3,3,905,926,T
475,4,3,CON,3,3,1009,1028,T
476,4,3,CON,3,3,1653,1701,TPTPTPTPT
477,4,3,CON,3,3,1721,1910,TPTPTPTPTPTPT
478,4,3,CON,3,3,2592,2613,T
479,4,3,CON,3,3,2627,2647,PT
480,4,3,CON,3,4,1010,1058,T
481,4,3,CON,3,4,1392,1400,T
482,4,3,CON,3,4,1569,1602,TPT
483,4,3,CON,3,4,1838,1884,TPTPTPTPT
484,4,3,CON,3,4,1931,2019,TPTPTPT
485,4,3,CON,3,4,2196,2211,T
486,4,3,CON,3,4,2663,2700,T
487,4,3,CON,3,5,723,802,TPTPT
488,4,3,CON,3,5,1078,1086,T
489,4,3,CON,3,5,1267,1278,T
490,4,3,CON,3,5,1306,1323,T
491,4,3,CON,3,5,1387,1524,TPTPT
492,4,3,CON,3,5,1589,1596,T
493,4,3,CON,3,5,2211,2284,TPT
494,4,3,CON,3,5,2478,2596,TPTPTPTPTPTPTPT
495,4,3,CON,3,5,3107,3166,T
496,4,3,CON,3,5,3201,3308,TPTPTPTPTPTPT
497,4,3,CON,3,5,3695,3714,TPT
498,4,3,CON,3,5,3796,3857,T
499,4,3,CON,3,5,3881,3919,TPTPT
500,4,3,CON,3,5,3970,4074,TPTPTPTPTPTPT
501,4,3,CON,3,5,4409,4439,T
502,4,3,CON,3,5,5261,5272,T
503,4,3,CON,3,5,5442,5464,TPT
504,4,3,CON,3,5,5534,5542,T
505,4,3,CON,3,5,5562,5582,T
506,4,3,CON,3,5,5657,5693,T
507,4,3,CON,3,5,5777,5818,T
508,4,3,CON,3,5,7237,7278,T
509,4,3,CON,3,5,8563,8591,T
510,4,3,CON,3,5,8676,8780,TPTPTPT
511,4,3,CON,3,5,9241,9249,T
512,4,3,CON,3,5,9649,9657,T
513,3,5,CON,3,4,689,736,T
514,3,5,CON,3,4,1358,1423,TPTPT
515,3,5,CON,3,4,1444,1570,TPTPTPT
516,3,5,CON,3,4,2119,2271,TPTPTPTPTPT
517,3,5,CON,3,1,1714,1723,T
518,3,5,CON,3,1,1900,1985,T
519,3,5,CON,3,1,2449,2454,TP
520,3,5,CON,3,3,1038,1096,TPT
521,3,5,CON,3,3,1122,1216,TPTPT
522,3,5,CON,3,3,1255,1337,TPTPT
523,3,5,CON,3,3,2159,2281,TPTPTPTPT
524,3,5,CON,3,3,2299,2363,TPTPT
525,3,5,CON,3,5,936,964,T
526,3,5,CON,3,5,1322,1430,TPTPTPT
527,3,5,CON,3,5,1450,1519,TPT
528,3,5,CON,3,5,1546,1620,TPT
529,3,5,CON,3,5,1658,1666,T
530,3,5,CON,3,5,2231,2265,T
531,3,5,CON,3,5,2843,2854,T
532,3,5,CON,3,5,2907,3055,TPTPTPTPTPTPT
533,3,5,CON,3,5,3094,3124,PT
534,3,5,CON,3,5,3654,3797,TPTPTPTPTPT
535,3,5,CON,3,5,3837,3881,T
536,3,5,CON,3,5,6635,6689,TPT
537,3,5,CON,3,5,7090,7142,T
538,3,5,CON,3,2,1272,1314,TPTPT
539,3,5,CON,3,2,1806,1965,TPTPTPTPT
540,1,1,CON,2,4,1222,1293,TPT
541,1,1,CON,2,4,1345,1351,T
542,1,1,CON,2,4,1369,1384,PT
543,1,1,CON,2,4,1747,1770,T
544,1,1,CON,2,4,2483,2582,TPTPTPT
545,1,1,CON,2,5,1291,1302,T
546,1,1,CON,2,5,1595,1622,T
547,1,1,CON,2,5,1679,1734,TPTPTPT
548,1,1,CON,2,5,2581,2646,T
549,1,1,CON,2,5,5707,5729,TPT
550,1,1,CON,2,5,5836,5847,TPT
551,1,1,CON,2,5,6251,6336,T
552,8,4,CON,3,5,811,827,T
553,8,4,CON,3,5,988,1118,TPTPTPTPT
554,8,4,CON,3,5,1153,1307,T
555,8,4,CON,3,5,2177,2219,PTPT
556,8,4,CON,3,5,2294,2408,TPTPT
557,8,4,CON,3,5,2666,2725,TPT
558,8,4,CON,3,5,6031,6185,TPTPTPTPTPTPTPTPT
559,8,4,CON,3,5,7172,7254,TPT
560,8,4,CON,3,5,7477,7524,T
561,8,4,CON,3,5,10156,10204,TPT
562,8,4,CON,3,5,10492,10504,T
563,8,4,CON,3,5,10663,10775,TPTPTPT
564,8,4,CON,3,3,1160,1200,T
565,8,4,CON,3,3,1358,1462,TPTPTPTPT
566,8,4,CON,3,3,2014,2066,TPT
567,8,4,CON,3,4,861,900,T
568,8,4,CON,3,4,1117,1264,TPTPT
569,8,4,CON,3,4,1763,1780,T
570,8,4,CON,3,4,1942,1957,T
571,8,4,CON,3,4,2351,2381,TPTPT
572,8,4,CON,3,4,2497,2643,TPTPTPTPTPTPT
573,8,4,CON,3,1,2564,2586,T
574,8,4,CON,3,2,1552,1692,TPTPTPTPT
575,8,4,CON,3,2,2201,2257,TPT
576,8,4,CON,3,2,2346,2530,TPTPTPTPT
577,6,3,CON,2,3,1960,2114,TPTPTPT
578,6,3,CON,2,5,1031,1039,T
579,6,3,CON,2,5,1185,1206,T
580,6,3,CON,2,5,1938,1946,T
581,6,3,CON,2,5,2177,2223,T
582,6,3,CON,2,5,2432,2575,TPTPTPTPT
583,6,3,CON,2,5,3057,3157,TPTPT
584,6,3,CON,2,5,3214,3289,T
585,6,3,CON,2,5,3959,3966,T
586,6,3,CON,2,5,4416,4532,TPTPT
587,6,3,CON,2,5,4546,4559,T
588,6,3,CON,2,5,4573,4583,T
589,6,3,CON,2,5,4987,5030,T
590,6,3,CON,2,5,5398,5576,TPTPTPTPTPTPT
591,6,3,CON,2,5,6577,6738,TPTPTPTPTPT
592,6,3,CON,2,5,7345,7385,TPT
593,6,3,CON,2,5,7620,7676,T
594,6,3,CON,2,5,10204,10377,TPTPTPT
595,6,3,CON,2,5,10669,10718,T
596,6,3,CON,2,4,1943,1952,T
597,6,3,CON,2,4,2216,2326,TPTPT
598,7,3,CON,3,4,944,1023,TPTPT
599,7,3,CON,3,4,1479,1629,TPTPTPT
600,7,3,CON,3,4,2206,2401,TPTPTPTPT
601,7,3,CON,3,2,1927,2019,TPTPT
602,7,3,CON,3,3,1370,1492,TPTPT
603,7,3,CON,3,3,1546,1558,T
604,7,3,CON,3,3,2237,2303,T
605,7,3,CON,3,5,1354,1380,T
606,7,3,CON,3,5,1539,1614,TPT
607,7,3,CON,3,5,2139,2217,TPTPT
608,7,3,CON,3,5,2505,2592,TPT
609,7,3,CON,3,5,3179,3203,T
610,7,3,CON,3,5,3533,3579,TPTPTPT
611,7,3,CON,3,5,3801,3998,TPTPTPTPT
612,7,3,CON,3,5,7743,7807,TPT
613,7,3,CON,3,5,7852,7997,TPTPT
614,7,3,CON,3,5,8346,8353,T
615,7,3,CON,3,5,8554,8594,T
616,2,3,CON,2,1,1163,1185,T
617,2,3,CON,2,1,1934,1955,TPT
618,2,3,CON,2,1,2313,2327,T
619,2,3,CON,2,1,2449,2540,TPT
620,2,3,CON,2,2,1769,1798,T
621,2,3,CON,2,2,1862,1917,TPTPT
622,2,3,CON,2,2,2271,2281,T
623,2,3,CON,2,2,2400,2410,T
624,2,3,CON,2,2,2555,2566,T
625,2,3,CON,2,2,2608,2617,TPT
626,2,3,CON,2,2,2640,2703,TPTPTPT
627,2,3,CON,2,2,2720,2754,TPTPT
628,2,3,CON,2,3,928,951,TPT
629,2,3,CON,2,3,1367,1374,T
630,2,3,CON,2,3,1552,1580,TPT
631,2,3,CON,2,3,1750,1788,T
632,2,3,CON,2,3,1844,1889,T
633,2,3,CON,2,3,1908,1991,TPTPT
634,2,3,CON,2,3,2000,2039,TPT
635,2,3,CON,2,3,2057,2085,T
636,2,3,CON,2,4,1405,1438,PT
637,2,3,CON,2,5,1661,1713,T
638,2,3,CON,2,5,1996,2100,TPTPT
639,2,3,CON,2,5,2588,2600,T
640,2,3,CON,2,5,8373,8381,T
641,2,3,CON,2,5,8389,8411,T
642,9,3,OR,2,3,723,736,T
643,9,3,OR,2,3,944,1006,TPTPT
644,9,3,OR,2,3,1037,1160,TPTPTPT
645,9,3,OR,2,3,1756,1829,TPTPT
646,9,3,OR,2,3,1861,2021,TPT
647,9,3,OR,2,2,1236,1344,TPTPTPTPTPTPT
648,9,3,OR,2,2,1976,2059,TPT
649,9,3,OR,2,4,821,997,TPT
650,9,3,OR,2,4,1602,1612,T
651,9,3,OR,2,4,1958,2148,TPTPTPTPTPT
652,9,3,OR,2,1,2208,2304,TPT
653,9,3,OR,2,5,1480,1497,T
654,9,3,OR,2,5,1597,1652,TPT
655,9,3,OR,2,5,1695,1820,TPT
656,9,3,OR,2,5,2251,2264,T
657,9,3,OR,2,5,2418,2443,T
658,9,3,OR,2,5,2727,2740,T
659,9,3,OR,2,5,3139,3302,TPTPTPTPTPTPT
660,9,3,OR,2,5,10211,10225,T
661,9,3,OR,2,5,10492,10582,TPTPT
662,2,2,OR,2,3,1757,1829,T
663,2,2,OR,2,3,2063,2126,TPTPT
664,2,2,OR,2,3,2466,2550,TPTPT
665,2,2,OR,2,2,1047,1062,T
666,2,2,OR,2,2,1691,1733,TPT
667,2,2,OR,2,2,1998,2015,T
668,2,2,OR,2,2,2386,2404,T
669,2,2,OR,2,4,1300,1304,T
670,2,2,OR,2,4,1412,1436,TPTPTPT
671,2,2,OR,2,4,1932,1975,TPT
672,2,2,OR,2,4,2045,2142,TPTPT
673,2,2,OR,2,4,2181,2224,T
674,2,2,OR,2,5,1599,1670,T
675,2,2,OR,2,5,1975,2003,TP
676,2,2,OR,2,5,2085,2119,T
677,2,2,OR,2,5,2446,2543,TPTPTPTPT
678,2,2,OR,2,5,2933,2967,TPT
679,2,2,OR,2,5,3367,3418,T
680,2,2,OR,2,5,3555,3655,T
681,2,2,OR,2,5,6268,6319,TPTPT
682,2,2,OR,2,5,6618,6623,T
683,2,2,OR,2,5,6825,6851,T
684,2,2,OR,2,5,9121,9168,TPT
685,2,2,OR,2,5,9430,9468,TPT
686,2,2,OR,2,5,9738,9820,TPTPTPTPTPT
687,3,3,OR,3,5,2619,2623,T
688,3,3,OR,3,5,2941,3071,TPTPTPT
689,3,3,OR,3,5,3621,3728,TPTPT
690,3,3,OR,3,5,6826,6894,TPT
691,3,3,OR,3,5,7301,7392,TPTPTPTPT
692,3,3,OR,3,5,7928,8065,TPTPTPT
693,3,3,OR,3,3,1660,1753,TPT
694,3,3,OR,3,2,1765,1836,TPT
695,3,3,OR,3,2,2151,2246,TPTPT
696,3,3,OR,3,4,1454,1548,TPTPTPTPT
697,3,3,OR,3,4,2115,2148,T
698,8,2,OR,3,2,2282,2353,TPT
699,8,2,OR,3,4,1254,1264,T
700,8,2,OR,3,4,1671,1877,TPTPTPTPTPT
701,8,2,OR,3,4,2430,2449,T
702,8,2,OR,3,4,2524,2601,TPTPT
703,8,2,OR,3,4,2664,2698,T
704,8,2,OR,3,5,948,1076,TPTPT
705,8,2,OR,3,5,1699,1805,TPTPTPTPTPTPT
706,8,2,OR,3,5,2951,3004,T
707,8,2,OR,3,5,3062,3198,TPTPT
708,8,2,OR,3,5,3716,3749,T
709,8,2,OR,3,5,3988,4082,T
710,8,2,OR,3,5,5655,5714,T
711,8,2,OR,3,5,5815,5896,TPTPTPTPTPTPT
712,8,2,OR,3,5,6697,6736,T
713,8,2,OR,3,5,7082,7341,TPTPTPTPTPT
714,8,2,OR,3,3,1659,1698,T
715,8,2,OR,3,3,2102,2208,TPT
716,8,2,OR,3,3,2287,2419,TPTPTPTPT
717,6,2,OR,2,3,1866,2014,TPTPT
718,6,2,OR,2,3,2052,2156,TPT
719,6,2,OR,2,4,1535,1720,T
720,6,2,OR,2,4,2265,2377,TPTPT
721,6,2,OR,2,5,1335,1347,T
722,6,2,OR,2,5,1644,1686,TPT
723,6,2,OR,2,5,1719,1880,TPTPTPTPT
724,6,2,OR,2,5,2558,2731,TPTPTPTPTPT
725,6,2,OR,2,5,3840,3979,TPTPTPT
726,6,2,OR,2,5,4580,4652,T
727,6,2,OR,2,5,5214,5401,TPTPTPTPTPTPT
728,6,2,OR,2,5,5840,5880,T
729,6,2,OR,2,5,6078,6401,TPTPTPTPTPTPTPTPTPT
730,6,2,OR,2,5,7002,7072,TPTPT
731,6,2,OR,2,5,7510,7594,T
732,6,2,OR,2,5,7876,8043,TPTPTPTPTPT
733,6,2,OR,2,5,8499,8524,T
734,6,2,OR,2,5,8615,8619,T
735,6,2,OR,2,5,8829,8927,TPTPT
736,6,2,OR,2,5,8961,9042,TPTPT
737,6,2,OR,2,5,9332,9421,TPTPT
738,7,2,OR,3,3,2213,2325,TPTPT
739,7,2,OR,3,5,1325,1371,TPTPT
740,7,2,OR,3,5,1878,1938,T
741,7,2,OR,3,5,2505,2573,TPTPT
742,7,2,OR,3,5,2677,2755,TPTPTPTPT
743,7,2,OR,3,5,3192,3312,TPTPTPTPTPT
744,7,2,OR,3,5,4042,4192,TPT
745,7,2,OR,3,5,4231,4326,TPTPT
746,7,2,OR,3,5,6831,6885,TPT
747,7,2,OR,3,5,7213,7289,TPTPTPTPT
748,7,2,OR,3,4,1517,1536,T
749,7,2,OR,3,4,1988,2156,TPTPTPTPT
750,4,6,OR,3,3,649,688,T
751,4,6,OR,3,3,1028,1098,TPT
752,4,6,OR,3,3,1541,1547,T
753,4,6,OR,3,3,1582,1646,T
754,4,6,OR,3,3,1675,1711,PT
755,4,6,OR,3,3,1885,1914,T
756,4,6,OR,3,3,1995,2024,TPT
757,4,6,OR,3,3,2128,2227,TPTPTPTPT
758,4,6,OR,3,3,2232,2243,T
759,4,6,OR,3,3,2248,2267,T
760,4,6,OR,3,3,2541,2560,TPT
761,4,6,OR,3,5,1142,1171,T
762,4,6,OR,3,5,1671,1749,TPT
763,4,6,OR,3,5,1967,1979,T
764,4,6,OR,3,5,2051,2070,T
765,4,6,OR,3,5,2309,2337,TPT
766,4,6,OR,3,5,2496,2507,T
767,4,6,OR,3,5,2547,2615,T
768,4,6,OR,3,5,2787,2800,T
769,4,6,OR,3,5,2905,2939,TPT
770,4,6,OR,3,5,3050,3127,TPTPTPT
771,4,6,OR,3,5,3165,3259,TPTPT
772,4,6,OR,3,5,3268,3303,T
773,4,6,OR,3,5,5661,5672,T
774,4,6,OR,3,5,5870,5962,PTPTPT
775,4,6,OR,3,5,6187,6197,T
776,4,6,OR,3,5,6301,6320,TPT
777,4,6,OR,3,5,6448,6510,T
778,4,6,OR,3,5,6884,6898,T
779,4,6,OR,3,5,7145,7196,TPT
780,4,6,OR,3,4,1628,1660,T
781,4,6,OR,3,4,1982,2060,TPTPT
782,4,6,OR,3,2,788,800,T
783,4,6,OR,3,2,882,1031,TPTPT
784,4,6,OR,3,2,1285,1306,T
785,4,6,OR,3,2,1510,1524,T
786,4,6,OR,3,2,1634,1657,T
787,4,6,OR,3,2,1745,1757,T
788,4,6,OR,3,2,1869,1894,T
789,4,6,OR,3,2,1923,2025,TPTPTPTPTPT
790,4,6,OR,3,2,2057,2069,T
791,4,6,OR,3,2,2108,2146,T
792,4,6,OR,3,2,2535,2560,TPTPT
793,4,6,OR,3,1,1353,1407,TPT
794,4,6,OR,3,1,1844,1888,T
795,4,6,OR,3,1,1915,2023,TPTPTPT
796,4,6,OR,3,1,2171,2202,T
797,4,6,OR,3,1,2674,2705,TPT
798,1,3,OR,2,4,775,830,TPT
799,1,3,OR,2,4,1032,1085,T
800,1,3,OR,2,4,1689,1705,T
801,1,3,OR,2,4,1807,1943,TPTPTPTPTPTPT
802,1,3,OR,2,4,2652,2698,T
803,1,3,OR,2,1,1376,1382,T
804,1,3,OR,2,1,1457,1467,T
805,1,3,OR,2,1,1697,1707,PT
806,1,3,OR,2,1,1797,1923,TPTPTPT
807,1,3,OR,2,5,1920,1937,T
808,1,3,OR,2,5,3425,3430,T
809,1,3,OR,2,5,3630,3635,T
810,1,3,OR,2,5,3760,3829,TPT
811,1,3,OR,2,3,1271,1401,TPTPTPTPT
812,1,3,OR,2,3,1628,1638,T
813,1,3,OR,2,3,2090,2135,T
814,1,3,OR,2,3,2680,2708,T
815,1,3,OR,2,2,1556,1568,T
816,1,3,OR,2,2,1746,1777,T
817,1,3,OR,2,2,2474,2483,T
818,1,3,OR,2,2,2660,2696,TPT
819,7,5,OD,3,5,1959,2056,TPTPTPT
820,7,5,OD,3,5,2123,2136,T
821,7,5,OD,3,5,2145,2160,T
822,7,5,OD,3,5,2815,2929,TPTPT
823,7,5,OD,3,5,2970,2994,T
824,7,5,OD,3,5,3399,3473,TPTPT
825,7,5,OD,3,5,3975,4063,PTPTP
826,7,5,OD,3,5,4584,4603,T
827,7,5,OD,3,5,4927,4994,TPTPTPT
828,7,5,OD,3,5,5501,5514,T
829,7,5,OD,3,5,5648,5775,TPTPTPTPT
830,7,5,OD,3,5,8960,8966,T
831,7,5,OD,3,5,9223,9295,T
832,7,5,OD,3,5,10310,10446,TPTPT
833,7,5,OD,3,3,2179,2250,TPT
834,7,5,OD,3,3,2261,2307,TPT
835,7,5,OD,3,3,2333,2457,TPTPTPT
836,7,5,OD,3,4,1367,1515,TPTPTPTPTPT
837,7,5,OD,3,4,2366,2383,T
838,2,1,OD,2,4,1492,1496,PT
839,2,1,OD,2,4,1575,1689,TPTPT
840,2,1,OD,2,4,2116,2134,T
841,2,1,OD,2,4,2555,2639,TPT
842,2,1,OD,2,2,1303,1307,T
843,2,1,OD,2,2,2367,2460,TPTPT
844,2,1,OD,2,3,1781,1870,TPTPT
845,2,1,OD,2,5,1572,1637,TPTPTPTPT
846,2,1,OD,2,5,2590,2696,TPTPTPT
847,2,1,OD,2,5,5312,5374,T
848,2,1,OD,2,5,5572,5645,T
849,2,1,OD,2,5,6078,6095,T
850,2,1,OD,2,5,9506,9513,T
851,4,5,OD,3,3,686,694,T
852,4,5,OD,3,3,884,963,TPTP
853,4,5,OD,3,3,978,1004,T
854,4,5,OD,3,3,1201,1316,TPTPTPT
855,4,5,OD,3,3,1326,1390,TPT
856,4,5,OD,3,3,1706,1730,T
857,4,5,OD,3,3,2091,2116,PT
858,4,5,OD,3,3,2172,2307,TPTPTPTPT
859,4,5,OD,3,3,2316,2352,TPT
860,4,5,OD,3,3,2384,2399,T
861,4,5,OD,3,4,967,1030,TPTPTPT
862,4,5,OD,3,4,1036,1041,T
863,4,5,OD,3,4,1065,1077,T
864,4,5,OD,3,4,1097,1178,TPTPTPT
865,4,5,OD,3,4,1327,1335,T
866,4,5,OD,3,4,1543,1556,T
867,4,5,OD,3,4,1672,1688,TPT
868,4,5,OD,3,4,1740,1746,T
869,4,5,OD,3,4,1783,1897,TPT
870,4,5,OD,3,4,1907,1914,T
871,4,5,OD,3,4,1925,2057,TPTPTPT
872,4,5,OD,3,4,2062,2107,T
873,4,5,OD,3,4,2111,2119,T
874,4,5,OD,3,4,2131,2137,T
875,4,5,OD,3,4,2297,2371,T
876,4,5,OD,3,2,852,865,T
877,4,5,OD,3,2,903,929,T
878,4,5,OD,3,2,1130,1134,T
879,4,5,OD,3,2,1138,1308,TPTPTPT
880,4,5,OD,3,2,1840,1858,T
881,4,5,OD,3,2,2004,2012,T
882,4,5,OD,3,2,2131,2140,T
883,4,5,OD,3,2,2222,2307,TPT
884,4,5,OD,3,2,2409,2425,T
885,4,5,OD,3,2,2607,2698,TPTPT
886,4,5,OD,3,1,1352,1387,T
887,4,5,OD,3,1,1645,1724,T
888,4,5,OD,3,1,2011,2157,TPTPTPTPTPT
889,4,5,OD,3,1,2351,2471,TPTPTPTPT
890,4,5,OD,3,5,1340,1364,T
891,4,5,OD,3,5,1371,1443,TPTPTPTPT
892,4,5,OD,3,5,1646,1655,T
893,4,5,OD,3,5,1744,1773,T
894,4,5,OD,3,5,1933,1963,T
895,4,5,OD,3,5,2223,2249,T
896,4,5,OD,3,5,2460,2521,TPT
897,4,5,OD,3,5,2668,2727,TPT
898,4,5,OD,3,5,2746,2762,T
899,4,5,OD,3,5,2765,2857,TPTPTPT
900,4,5,OD,3,5,3369,3408,TPT
901,4,5,OD,3,5,3549,3564,T
902,4,5,OD,3,5,3615,3631,T
903,4,5,OD,3,5,3732,3777,T
904,4,5,OD,3,5,5601,5615,T
905,4,5,OD,3,5,5841,5860,T
906,4,5,OD,3,5,5899,5974,TPTPTPTPT
907,4,5,OD,3,5,5992,6030,T
908,4,5,OD,3,5,6056,6099,T
909,4,5,OD,3,5,6414,6439,TPT
910,4,5,OD,3,5,7056,7121,TPT
911,4,5,OD,3,5,7421,7425,T
912,4,5,OD,3,5,7458,7484,T
913,4,5,OD,3,5,7535,7558,TPT
914,4,5,OD,3,5,9802,9860,T
915,4,5,OD,3,5,9898,9919,T
916,4,5,OD,3,5,9924,9936,T
917,4,5,OD,3,5,10141,10184,T
918,4,5,OD,3,5,10509,10514,T
919,8,6,OD,3,4,1520,1657,TPTPTPT
920,8,6,OD,3,4,2257,2392,TPTPTPTPT
921,8,6,OD,3,3,820,869,T
922,8,6,OD,3,3,1258,1365,TPTPT
923,8,6,OD,3,3,1838,1867,T
924,8,6,OD,3,3,2128,2347,TPTPTPTPTPTPTPTPT
925,8,6,OD,3,3,2400,2425,T
926,8,6,OD,3,1,2371,2407,T
927,8,6,OD,3,5,1564,1682,TPTPTPTPT
928,8,6,OD,3,5,2160,2223,T
929,8,6,OD,3,5,3566,3679,TPTPTPT
930,8,6,OD,3,5,9845,9937,T
931,8,6,OD,3,5,10474,10479,T
932,8,6,OD,3,5,10481,10574,TPTPT
933,8,6,OD,3,2,1348,1361,T
934,8,6,OD,3,2,1646,1671,T
935,8,6,OD,3,2,2196,2209,T
936,8,6,OD,3,2,2417,2526,TPTPTPT
937,8,6,OD,3,2,2571,2582,T
938,9,6,OD,2,5,1328,1364,T
939,9,6,OD,2,5,1646,1751,TPTPTPTPTPT
940,9,6,OD,2,5,2103,2113,T
941,9,6,OD,2,5,6262,6284,T
942,9,6,OD,2,5,6583,6610,T
943,9,6,OD,2,5,9322,9360,T
944,9,6,OD,2,5,9600,9609,T
945,9,6,OD,2,5,9730,9734,T
946,9,6,OD,2,5,9919,10023,TPTPTPT
947,9,6,OD,2,4,1138,1193,T
948,9,6,OD,2,4,2144,2186,TPT
949,9,6,OD,2,4,2508,2649,TPTPTPTPT
950,9,6,OD,2,3,1048,1067,T
951,9,6,OD,2,3,1456,1471,T
952,9,6,OD,2,3,1742,1907,TPTPTPTPTPTPT
953,9,6,OD,2,3,2397,2474,TPTPT
954,9,6,OD,2,2,1816,1843,T
955,9,6,OD,2,2,2257,2263,T
956,9,6,OD,2,2,2392,2406,T
957,6,4,OD,2,3,1948,1960,T
958,6,4,OD,2,3,2032,2122,TPTPT
959,6,4,OD,2,5,1508,1515,T
960,6,4,OD,2,5,1607,1638,TPT
961,6,4,OD,2,5,1681,1688,T
962,6,4,OD,2,5,2011,2086,TPTPT
963,6,4,OD,2,5,2449,2527,TPTPT
964,6,4,OD,2,5,2558,2617,T
965,6,4,OD,2,5,3254,3368,TPT
966,6,4,OD,2,5,4321,4333,T
967,6,4,OD,2,5,4915,4957,T
968,6,4,OD,2,5,5125,5150,T
969,6,4,OD,2,5,5331,5387,TPTPT
970,6,4,OD,2,5,8059,8085,T
971,6,4,OD,2,5,8297,8305,T
972,6,4,OD,2,5,8445,8515,TPTPT
973,1,2,OD,2,1,1780,1838,TPTPT
974,1,2,OD,2,1,2455,2506,T
975,1,2,OD,2,2,1885,2000,TPT
976,1,2,OD,2,2,2861,2875,T
977,1,2,OD,2,4,1269,1296,TPT
978,1,2,OD,2,3,1197,1205,T
979,1,2,OD,2,3,1379,1386,T
980,1,2,OD,2,3,1487,1582,TPTPTPT
981,1,2,OD,2,3,1641,1655,T
982,1,2,OD,2,5,998,1009,TPT
983,1,2,OD,2,5,1267,1371,TPTPTPT
984,1,2,OD,2,5,1656,1677,T
985,1,2,OD,2,5,1972,2034,TPT
986,1,2,OD,2,5,5936,5982,T
987,3,1,OD,3,5,4750,4764,T
988,3,1,OD,3,5,5190,5212,T
989,3,1,OD,3,5,5228,5242,T
990,3,1,OD,3,5,8465,8494,T
991,3,1,OD,3,5,9040,9103,T
992,3,1,OD,3,5,9123,9201,TPT
993,3,1,OD,3,5,9221,9251,TPTPT
994,3,1,OD,3,5,9310,9325,T
995,3,1,OD,3,5,10142,10180,TPT
996,3,1,OD,3,5,10197,10213,TPT
997,3,1,OD,3,5,10231,10298,TPTPTPT
998,7,1,HC,3,4,933,949,T
999,7,1,HC,3,4,1307,1500,TPTPTPTPTPT
1000,7,1,HC,3,4,2350,2492,TPTPTPTPT
1001,7,1,HC,3,1,2184,2242,TPT
1002,7,1,HC,3,5,1349,1361,T
1003,7,1,HC,3,5,1767,1901,TPTPTPT
1004,7,1,HC,3,5,2273,2290,T
1005,7,1,HC,3,5,2564,2736,TPTPTPTPTPT
1006,7,1,HC,3,5,4750,4763,T
1007,7,1,HC,3,5,4998,5009,T
1008,7,1,HC,3,5,6945,7013,TPT
1009,7,1,HC,3,3,1160,1250,TPTPTPT
1010,7,1,HC,3,3,1681,1698,T
1011,7,1,HC,3,3,2051,2271,TPTPTPTPT
1012,7,1,HC,3,2,1465,1522,TPTPT
1013,7,1,HC,3,2,2124,2178,TPTPT
1014,7,1,HC,3,2,2590,2699,TPTPT
1015,2,4,HC,2,1,864,896,T
1016,2,4,HC,2,1,1306,1375,TPTPTPT
1017,2,4,HC,2,1,1682,1810,TPTPT
1018,2,4,HC,2,1,1822,1853,T
1019,2,4,HC,2,4,1033,1153,TPTPT
1020,2,4,HC,2,4,1279,1317,T
1021,2,4,HC,2,4,1711,1728,T
1022,2,4,HC,2,4,1830,1834,T
1023,2,4,HC,2,4,1936,2039,TPT
1024,2,4,HC,2,4,2266,2307,T
1025,2,4,HC,2,5,750,766,T
1026,2,4,HC,2,5,948,963,T
1027,2,4,HC,2,5,1138,1183,TPTPT
1028,2,4,HC,2,5,3073,3090,T
1029,2,4,HC,2,5,3118,3196,TPT
1030,2,4,HC,2,5,3281,3291,T
1031,2,4,HC,2,5,3302,3312,T
1032,2,4,HC,2,5,3574,3614,T
1033,2,4,HC,2,5,3883,3970,TPT
1034,2,4,HC,2,5,3991,4010,T
1035,2,4,HC,2,5,4496,4550,TPTPTPT
1036,2,4,HC,2,5,4833,4840,T
1037,2,4,HC,2,5,5041,5133,TPTPTPT
1038,2,4,HC,2,3,1137,1195,TPT
1039,2,4,HC,2,3,1628,1666,T
1040,2,4,HC,2,2,854,874,TPT
1041,2,4,HC,2,2,986,1018,T
1042,2,4,HC,2,2,1399,1459,TPTPT
1043,2,4,HC,2,2,1519,1568,TPT
1044,2,4,HC,2,2,1587,1697,TPTPTPTPTPT
1045,2,4,HC,2,2,1722,1767,T
1046,2,4,HC,2,2,2411,2423,T
1047,3,14,HC,3,5,4387,4459,TPTPT
1048,3,14,HC,3,5,6221,6273,T
1049,3,14,HC,3,5,6517,6597,TPT
1050,3,14,HC,3,5,10028,10130,TPTPTPT
1051,3,14,HC,3,5,10615,10658,T
1052,3,14,HC,3,4,658,714,T
1053,3,14,HC,3,4,2346,2445,TPTPTPTPTPT
1054,4,4,HC,3,4,2396,2400,T
1055,4,4,HC,3,4,2411,2419,T
1056,4,4,HC,3,4,2552,2586,T
1057,4,4,HC,3,5,2181,2205,T
1058,4,4,HC,3,5,2476,2487,T
1059,4,4,HC,3,5,2611,2663,T
1060,4,4,HC,3,5,4035,4051,T
1061,4,4,HC,3,5,4252,4320,T
1062,4,4,HC,3,5,4579,4597,T
1063,4,4,HC,3,5,4674,4769,TPTPTPTPT
1064,4,4,HC,3,5,4856,4871,T
1065,4,4,HC,3,5,4876,4881,T
1066,4,4,HC,3,5,5102,5125,TPTPT
1067,4,4,HC,3,5,5425,5497,T
1068,4,4,HC,3,5,5766,5830,TPT
1069,4,4,HC,3,5,6284,6310,T
1070,4,4,HC,3,5,6426,6547,TPTPTPTPTPTPTPT
1071,4,4,HC,3,5,7045,7081,T
1072,4,4,HC,3,5,7238,7367,TPTPTPT
1073,4,4,HC,3,5,7771,7839,T
1074,4,4,HC,3,5,7949,7956,T
1075,4,4,HC,3,5,8032,8083,T
1076,4,4,HC,3,5,9951,9998,PT
1077,4,4,HC,3,5,10144,10164,T
1078,4,4,HC,3,5,10325,10365,PT
1079,4,4,HC,3,5,10484,10558,T
1080,4,4,HC,3,5,10680,10706,T
1081,4,4,HC,3,1,924,948,T
1082,4,4,HC,3,1,962,969,T
1083,4,4,HC,3,1,1268,1296,T
1084,4,4,HC,3,1,1541,1628,TPTPT
1085,4,4,HC,3,1,2133,2191,T
1086,4,4,HC,3,1,2546,2553,T
1087,4,4,HC,3,1,2649,2699,TPTPT
1088,4,4,HC,3,3,426,431,T
1089,4,4,HC,3,3,595,622,TPT
1090,4,4,HC,3,3,879,939,TPTPT
1091,4,4,HC,3,3,1115,1137,T
1092,4,4,HC,3,3,1432,1537,TPTPTPTPT
1093,4,4,HC,3,3,1549,1576,TPT
1094,4,4,HC,3,3,1938,1984,T
1095,4,4,HC,3,3,2481,2487,T
1096,4,4,HC,3,3,2541,2568,T
1097,4,4,HC,3,2,667,703,T
1098,4,4,HC,3,2,942,953,TPT
1099,4,4,HC,3,2,1034,1188,TPTPT
1100,4,4,HC,3,2,1198,1241,TPTPT
1101,4,4,HC,3,2,1250,1303,T
1102,4,4,HC,3,2,1313,1321,T
1103,4,4,HC,3,2,1571,1610,T
1104,4,4,HC,3,2,1618,1627,T
1105,4,4,HC,3,2,2362,2526,TPTPTPTPTPTPT
1106,1,4,HC,2,4,786,791,TP
1107,1,4,HC,2,4,999,1207,TPTPT
1108,1,4,HC,2,4,1851,1880,TPT
1109,1,4,HC,2,4,2274,2364,TPTPTPTPTPT
1110,1,4,HC,2,4,2400,2412,T
1111,1,4,HC,2,4,2459,2468,T
1112,1,4,HC,2,4,2478,2526,T
1113,1,4,HC,2,5,1375,1389,T
1114,1,4,HC,2,5,1532,1645,TPTPT
1115,1,4,HC,2,5,2002,2023,T
1116,1,4,HC,2,5,2634,2664,T
1117,1,4,HC,2,5,4974,4978,T
1118,1,4,HC,2,5,5281,5366,PTPTPT
1119,1,4,HC,2,2,1823,1828,T
1120,1,4,HC,2,2,2183,2305,TPTPTPTPT
1121,1,4,HC,2,3,1987,2024,TPT
1122,1,4,HC,2,3,2111,2165,T
1123,1,4,HC,2,3,2196,2258,T
1124,1,4,HC,2,3,2552,2671,TPTPTPTPTPT
1125,1,4,HC,2,1,1084,1187,TPTPTPTP
1126,1,4,HC,2,1,1821,1873,T
1127,1,4,HC,2,1,2413,2437,T
1128,1,4,HC,2,1,2655,2699,TPTPT
1129,9,1,HC,2,3,491,513,T
1130,9,1,HC,2,3,753,934,TPTPTPTPTPTPTPTPT
1131,9,1,HC,2,3,1416,1424,T
1132,9,1,HC,2,3,1744,1863,TPTPT
1133,9,1,HC,2,3,2215,2431,TPTPTPTPT
1134,9,1,HC,2,2,1191,1244,PTPT
1135,9,1,HC,2,2,2405,2444,TPT
1136,9,1,HC,2,1,1544,1603,T
1137,9,1,HC,2,1,2246,2408,TPTPTPTPTPT
1138,9,1,HC,2,5,1684,1715,T
1139,9,1,HC,2,5,2006,2021,T
1140,9,1,HC,2,5,2315,2410,TPTPTPTPTPT
1141,9,1,HC,2,5,2708,2717,T
1142,9,1,HC,2,5,2995,3082,TPTPT
1143,9,1,HC,2,5,5284,5296,T
1144,9,1,HC,2,5,5507,5529,T
1145,9,1,HC,2,5,6071,6098,T
1146,9,1,HC,2,5,6353,6456,TPTPTPT
1147,9,1,HC,2,5,6753,6780,T
1148,9,1,HC,2,5,9394,9419,PT
1149,9,1,HC,2,5,9796,9863,TPT
1150,9,1,HC,2,5,10181,10230,T
1151,9,1,HC,2,4,799,819,T
1152,9,1,HC,2,4,994,1093,TPTPT
1153,9,1,HC,2,4,1343,1522,TPTPTPT
1154,6,1,HC,2,3,655,839,TPTPTPTPTPTPTPT
1155,6,1,HC,2,3,1327,1429,T
1156,6,1,HC,2,3,1507,1530,T
1157,6,1,HC,2,3,2309,2551,TPTPTPTPTPTPT
1158,6,1,HC,2,5,664,742,TPTPT
1159,6,1,HC,2,5,993,1033,T
1160,6,1,HC,2,5,1078,1297,TPTPTPTPT
1161,6,1,HC,2,5,1593,1628,T
1162,6,1,HC,2,5,2154,2267,TPTPT
1163,6,1,HC,2,5,3451,3515,PTPTPTPT
1164,6,1,HC,2,5,3576,3613,T
1165,6,1,HC,2,5,4856,4869,T
1166,6,1,HC,2,5,5001,5020,T
1167,6,1,HC,2,5,5304,5438,TPTPTPT
1168,6,1,HC,2,5,5720,5766,T
1169,6,1,HC,2,5,6000,6140,TPTPT
1170,6,1,HC,2,5,7496,7587,TPTPTPT
1171,6,1,HC,2,5,7858,7948,TPT
1172,6,1,HC,2,5,10134,10161,T
1173,6,1,HC,2,4,812,950,TPTPTPTPTPT
1174,6,1,HC,2,4,1215,1236,T
1175,6,1,HC,2,4,1429,1629,TPTPTPTPT
1176,6,1,HC,2,4,2388,2618,TPTPTPT
1177,6,1,HC,2,4,2648,2710,TPT
1178,6,1,HC,2,2,889,904,T
1179,6,1,HC,2,2,1306,1360,TPT
1180,6,1,HC,2,2,2319,2478,TPTPTPTPTPT
1181,8,1,HC,3,4,370,387,T
1182,8,1,HC,3,4,571,697,TPT
1183,8,1,HC,3,4,736,771,T
1184,8,1,HC,3,4,1240,1356,TPTPTPT
1185,8,1,HC,3,4,1658,1743,T
1186,8,1,HC,3,4,2066,2121,PT
1187,8,1,HC,3,4,2317,2427,TPTPTPTPT
1188,8,1,HC,3,4,2468,2493,T
1189,8,1,HC,3,2,660,692,T
1190,8,1,HC,3,2,1299,1392,TPTPTPTPTPT
1191,8,1,HC,3,2,2242,2426,TPT
1192,8,1,HC,3,3,904,994,TPT
1193,8,1,HC,3,3,1280,1317,T
1194,8,1,HC,3,3,1574,1742,TPTPTPT
1195,8,1,HC,3,5,1371,1504,TPT
1196,8,1,HC,3,5,2066,2097,PT
1197,8,1,HC,3,5,4343,4372,TPT
1198,8,1,HC,3,5,4623,4674,TPT
1199,8,1,HC,3,5,4699,4766,T
1200,8,1,HC,3,5,4839,4873,TPT
1201,8,1,HC,3,5,5313,5471,TPTPT
1202,8,1,HC,3,5,5970,6053,TPTPT
1203,8,1,HC,3,5,6640,6700,T
1204,8,1,HC,3,5,7007,7154,TPTPTPTPTPTPTPTPTPT
1205,8,1,HC,3,5,7226,7249,T
1206,8,1,HC,3,5,9155,9198,TPTPT
1207,8,1,HC,3,5,9835,9942,T
1208,1,1,OD,4,5,1194,1435,TPTPTPTPTPTPT
1209,1,1,OD,4,5,2460,2528,T
1210,1,1,OD,4,5,2552,2631,TPTPT
1211,1,1,OD,4,5,2676,2756,TPT
1212,1,1,OD,4,5,3266,3313,T
1213,1,1,OD,4,5,4168,4454,TPTPTPTPTPTPTPT
1214,1,1,OD,4,5,5090,5125,TPT
1215,1,1,OD,4,5,5886,6053,TPTPTPTPT
1216,1,1,OD,4,5,7379,7428,T
1217,1,1,OD,4,5,7850,7866,T
1218,1,1,OD,4,5,8002,8034,TPT
1219,1,1,OD,4,5,8628,8732,TPTPTPTPTPT
1220,1,1,OD,4,5,10204,10485,TPTPTPT
1221,1,1,OD,4,1,1553,1667,TPTPTPTPT
1222,1,1,OD,4,1,2033,2101,TPTPT
1223,1,1,OD,4,4,870,1056,TPTPTPT
1224,1,1,OD,4,4,2054,2265,TPTPTPT
1225,1,1,OD,4,2,1900,2008,TPTPTPT
1226,1,1,OD,4,2,2017,2057,TPT
1227,1,1,OD,4,3,868,979,TPT
1228,1,1,OD,4,3,1509,1696,TPTPTPTPTPTPTPT
1229,1,1,OD,4,3,2387,2475,TPT
1230,1,1,OD,4,3,2498,2674,TPTPTPTPTPT
1231,1,1,OD,4,3,2696,2713,T
1232,1,2,OR,4,4,663,787,TPTPT
1233,1,2,OR,4,4,826,851,TPT
1234,1,2,OR,4,4,871,981,TPTPTPT
1235,1,2,OR,4,4,1989,2026,TPT
1236,1,2,OR,4,4,2068,2170,TPTPTPT
1237,1,2,OR,4,4,2206,2248,T
1238,1,2,OR,4,2,944,950,T
1239,1,2,OR,4,2,1043,1051,T
1240,1,2,OR,4,2,1116,1127,T
1241,1,2,OR,4,2,1742,1748,PT
1242,1,2,OR,4,1,1736,1799,TPTPT
1243,1,2,OR,4,1,1840,1903,TPT
1244,1,2,OR,4,5,1538,1607,TPTPT
1245,1,2,OR,4,5,2718,2831,TPTPTPTPT
1246,1,2,OR,4,5,2901,2917,T
1247,1,2,OR,4,5,2960,3009,T
1248,1,2,OR,4,5,3955,4014,T
1249,1,2,OR,4,5,4100,4262,TPTPTPT
1250,1,2,OR,4,5,4935,4984,T
1251,1,2,OR,4,5,5626,5722,TPTPTPT
1252,1,2,OR,4,5,6513,6647,TPTPTPTPTPTPT
1253,1,2,OR,4,5,6676,6755,TPT
1254,1,2,OR,4,5,6768,6793,T
1255,1,2,OR,4,5,7312,7321,TP
1256,1,2,OR,4,5,7419,7466,T
1257,1,2,OR,4,5,8578,9767,T
1258,1,2,OR,4,3,1282,1342,TPTPT
1259,1,2,OR,4,3,1375,1394,TPT
1260,1,2,OR,4,3,1755,1853,TPT
1261,1,4,CON,4,2,1886,1949,TPTPT
1262,1,4,CON,4,5,1378,1470,TPTPTPTPTPT
1263,1,4,CON,4,5,2219,2366,TPTPT
1264,1,4,CON,4,5,2372,2473,TPTPT
1265,1,4,CON,4,5,2519,2570,T
1266,1,4,CON,4,5,3376,3483,TPTPTPT
1267,1,4,CON,4,5,4364,4414,TPTPT
1268,1,4,CON,4,5,4451,4476,T
1269,1,4,CON,4,5,4553,4563,TPT
1270,1,4,CON,4,5,5746,5889,TPTPT
1271,1,4,CON,4,5,6485,6597,TPTPT
1272,1,4,CON,4,5,7734,7825,TPT
1273,1,4,CON,4,5,8218,8329,T
1274,1,4,CON,4,5,8942,8976,PT
1275,1,4,CON,4,5,9456,9476,TPT
1276,1,4,CON,4,5,9497,9599,TPTPT
1277,1,4,CON,4,5,9635,9691,T
1278,1,4,CON,4,4,1012,1122,TPTPTPTPT
1279,1,4,CON,4,4,1180,1213,T
1280,1,4,CON,4,3,1209,1230,TPT
1281,1,4,CON,4,3,1243,1301,T
1282,1,4,CON,4,3,1352,1371,T
1283,1,4,CON,4,3,1379,1409,T
1284,1,4,CON,4,3,2063,2085,TPT
1285,1,4,CON,4,3,2098,2179,TPTPT
1286,1,4,CON,4,3,2191,2238,TPT
1287,1,4,CON,4,1,2165,2250,TPTPTPT
1288,1,3,HC,4,5,940,1074,TPTPTPT
1289,1,3,HC,4,5,2672,2755,TPTPT
1290,1,3,HC,4,5,3920,4018,T
1291,1,3,HC,4,5,4059,4084,T
1292,1,3,HC,4,5,4157,4203,T
1293,1,3,HC,4,5,4817,4863,T
1294,1,3,HC,4,5,5710,5834,TPTPTPTPT
1295,1,3,HC,4,5,6597,6721,TPTPTPTPTPT
1296,1,3,HC,4,5,7063,7146,TPTPT
1297,1,3,HC,4,1,2279,2349,TPT
1298,1,3,HC,4,4,623,696,TPT
1299,1,3,HC,4,4,1576,1647,TPT
1300,1,3,HC,4,4,1783,1822,T
1301,1,3,HC,4,3,825,860,TPTPT
1302,1,3,HC,4,3,975,1037,TPTPT
1303,1,3,HC,4,3,1045,1076,T
1304,1,3,HC,4,3,2579,2605,T
1305,1,3,HC,4,2,1245,1310,TPTPT
1306,1,3,HC,4,2,1987,2055,PTPT
1307,1,3,HC,4,2,2097,2108,TPT
1308,1,5,OR-N,4,5,1738,1758,T
1309,1,5,OR-N,4,5,2483,2525,TPT
1310,1,5,OR-N,4,5,3118,3253,TPTPT
1311,1,5,OR-N,4,5,3678,3719,TPTPT
1312,1,5,OR-N,4,5,4371,4376,T
1313,1,5,OR-N,4,5,4891,5027,TPTPTPTPTPT
1314,1,5,OR-N,4,5,5045,5196,TPTPT
1315,1,5,OR-N,4,5,5232,5245,T
1316,1,5,OR-N,4,5,6251,6255,T
1317,1,5,OR-N,4,5,6627,6792,TPTPTPT
1318,1,5,OR-N,4,5,7555,7674,TPTPTPT
1319,1,5,OR-N,4,5,7696,7774,T
1320,1,5,OR-N,4,5,8164,8343,TPTPTPT
1321,1,5,OR-N,4,5,8355,8373,T
1322,1,5,OR-N,4,5,9302,9378,T
1323,1,5,OR-N,4,4,2601,2661,PTPTPT
1324,9,3,HC,4,2,996,1010,T
1325,9,3,HC,4,2,1075,1171,TPTPTPT
1326,9,3,HC,4,2,1216,1225,T
1327,9,3,HC,4,2,1407,1429,TPT
1328,9,3,HC,4,2,1669,1736,TP
1329,9,3,HC,4,2,1747,1826,TPTPT
1330,9,3,HC,4,2,1877,1959,TPT
1331,9,3,HC,4,2,2186,2216,T
1332,9,3,HC,4,2,2437,2477,TPTPT
1333,9,3,HC,4,2,2533,2681,TPTPTPTPTPT
1334,9,3,HC,4,3,544,603,T
1335,9,3,HC,4,3,951,1089,TPTPTPT
1336,9,3,HC,4,3,1594,1664,TPTPT
1337,9,3,HC,4,3,1760,1906,TPTPTPTPT
1338,9,3,HC,4,3,2344,2387,T
1339,9,3,HC,4,5,1058,1122,T
1340,9,3,HC,4,5,1565,1620,T
1341,9,3,HC,4,5,1681,1701,T
1342,9,3,HC,4,5,2058,2120,TPTPTPT
1343,9,3,HC,4,5,2141,2190,TPT
1344,9,3,HC,4,5,2214,2266,TPTPTPT
1345,9,3,HC,4,5,2285,2355,T
1346,9,3,HC,4,5,2805,2817,T
1347,9,3,HC,4,5,2880,2904,T
1348,9,3,HC,4,5,4614,4703,TPTPTPTPTPTPTPT
1349,9,3,HC,4,5,5072,5103,T
1350,9,3,HC,4,5,5448,5496,TPT
1351,9,3,HC,4,5,5542,5644,TPTPT
1352,9,3,HC,4,5,6090,6138,T
1353,9,3,HC,4,5,6191,6257,TPT
1354,9,3,HC,4,5,6513,6563,T
1355,9,3,HC,4,5,6626,6653,T
1356,9,3,HC,4,1,545,598,T
1357,9,3,HC,4,1,647,688,TPT
1358,9,3,HC,4,1,935,1004,TPT
1359,9,3,HC,4,1,1336,1473,TPTPTPTP
1360,9,3,HC,4,4,2586,2697,TPTPT
1361,9,4,OD,4,5,511,612,TPTPT
1362,9,4,OD,4,5,649,685,TPT
1363,9,4,OD,4,5,1281,1392,TPTPTPT
1364,9,4,OD,4,5,1439,1466,T
1365,9,4,OD,4,5,1998,2156,TPTPTPTPTPTPTPT
1366,9,4,OD,4,5,2410,2457,T
1367,9,4,OD,4,5,2958,3053,TPTPTPT
1368,9,4,OD,4,5,3759,3837,TPTPT
1369,9,4,OD,4,5,3859,4033,TPTPTPTPT
1370,9,4,OD,4,5,5114,5156,T
1371,9,4,OD,4,5,5294,5531,TPTPTPTPTPT
1372,9,4,OD,4,5,7392,7487,T
1373,9,4,OD,4,5,8589,8620,TPTPT
1374,9,4,OD,4,5,8642,8710,TPTPTPT
1375,9,4,OD,4,5,8758,8778,T
1376,9,4,OD,4,5,8852,8895,T
1377,9,4,OD,4,5,9364,9384,T
1378,9,4,OD,4,5,9506,9526,T
1379,9,4,OD,4,5,9643,9691,TPT
1380,9,4,OD,4,5,9717,9738,T
1381,9,4,OD,4,5,10223,10276,TPTPT
1382,9,4,OD,4,5,10313,10434,TPTPTPTPTPTPT
1383,9,4,OD,4,4,535,584,TPTP
1384,9,4,OD,4,4,597,771,TPT
1385,9,4,OD,4,4,1681,1740,T
1386,9,4,OD,4,4,1769,1926,TPTPTPTPTPTPT
1387,9,4,OD,4,4,1943,2035,TPT
1388,9,4,OD,4,4,2686,2697,T
1389,9,4,OD,4,1,2077,2095,T
1390,9,4,OD,4,2,1248,1341,TPTPTPT
1391,9,4,OD,4,2,1400,1477,TPTPT
1392,9,4,OD,4,2,1989,2043,T
1393,9,4,OD,4,2,2416,2446,T
1394,9,4,OD,4,3,614,636,TPT
1395,9,4,OD,4,3,686,778,TPTPTPT
1396,9,4,OD,4,3,795,851,T
1397,9,4,OD,4,3,1327,1559,TPTPTPTPT
1398,9,4,OD,4,3,1595,1663,T
1399,9,4,OD,4,3,2467,2490,T
1400,9,4,OD,4,3,2535,2568,TPTPT
1401,9,4,OD,4,3,2627,2644,T
1402,9,10,OR,4,2,1161,1228,TPTPT
1403,9,10,OR,4,2,1331,1350,T
1404,9,10,OR,4,2,1541,1576,T
1405,9,10,OR,4,2,1597,1623,TPTPT
1406,9,10,OR,4,2,1909,1985,TPT
1407,9,10,OR,4,2,2432,2524,TPTPTPT
1408,9,10,OR,4,4,989,1172,TPTPTPTPTPTPTPT
1409,9,10,OR,4,4,1906,1983,PTPT
1410,9,10,OR,4,4,2025,2104,TPT
1411,9,10,OR,4,1,1304,1348,TPTPTPT
1412,9,10,OR,4,1,1399,1518,TPTPTPTPT
1413,9,10,OR,4,1,2233,2268,T
1414,9,10,OR,4,5,663,743,TPT
1415,9,10,OR,4,5,1158,1250,TPTPT
1416,9,10,OR,4,5,1301,1339,T
1417,9,10,OR,4,5,1840,1865,TPT
1418,9,10,OR,4,5,2159,2192,T
1419,9,10,OR,4,5,2254,2431,TPTPTPTPT
1420,9,10,OR,4,5,3018,3050,T
1421,9,10,OR,4,5,3596,3668,TPTPT
1422,9,10,OR,4,5,4898,4964,TPTPTPTPTPTPTPT
1423,9,10,OR,4,5,5340,5400,T
1424,9,10,OR,4,5,5770,5827,TPTPTPT
1425,9,10,OR,4,5,6004,6096,TPT
1426,9,10,OR,4,5,6582,6619,T
1427,9,10,OR,4,5,6704,6758,T
1428,9,10,OR,4,5,7968,8134,TPTPTPTPTPT
1429,9,10,OR,4,5,9249,9281,T
1430,9,10,OR,4,5,9440,9465,T
1431,9,10,OR,4,5,9590,9749,TPTPTPTPT
1432,9,10,OR,4,3,769,830,T
1433,9,10,OR,4,3,1255,1354,T
1434,9,10,OR,4,3,2117,2234,TPTPTPTPTPTPTPTPT
1435,9,10,OR,4,3,2312,2362,T
1436,9,2,CON,4,1,1631,1684,TPTPT
1437,9,2,CON,4,1,1714,1778,T
1438,9,2,CON,4,1,2532,2585,T
1439,9,2,CON,4,2,980,1003,T
1440,9,2,CON,4,2,1140,1161,T
1441,9,2,CON,4,2,1182,1319,TPTPTPTPTPT
1442,9,2,CON,4,2,1445,1452,TP
1443,9,2,CON,4,2,2506,2528,TPT
1444,9,2,CON,4,2,2582,2644,T
1445,9,2,CON,4,2,2661,2694,T
1446,9,2,CON,4,5,1671,1686,T
1447,9,2,CON,4,5,1729,1819,TPT
1448,9,2,CON,4,5,2937,2989,TPTPT
1449,9,2,CON,4,5,3221,3258,T
1450,9,2,CON,4,5,3617,3637,T
1451,9,2,CON,4,5,3701,3837,TPTPTPT
1452,9,2,CON,4,5,6691,6722,T
1453,9,2,CON,4,5,7466,7492,T
1454,9,2,CON,4,5,7977,8009,T
1455,9,2,CON,4,5,8436,8446,T
1456,9,2,CON,4,3,643,748,TPTPT
1457,9,2,CON,4,3,1389,1417,T
1458,9,2,CON,4,3,1486,1515,TPT
1459,9,2,CON,4,3,1568,1690,TPT
1460,9,2,CON,4,3,2207,2286,T
1461,9,2,CON,4,3,2649,2697,TPTPT
1462,9,2,CON,4,4,32,80,T
1463,9,2,CON,4,4,182,209,T
1464,9,2,CON,4,4,517,565,T
1465,9,2,CON,4,4,595,705,TPT
1466,9,2,CON,4,4,747,779,T
1467,9,2,CON,4,4,1003,1013,T
1468,9,2,CON,4,4,1223,1262,T
1469,9,2,CON,4,4,1688,1742,TPT
1470,9,2,CON,4,4,1997,2030,T
1471,9,16,OR-N,4,4,707,746,TPT
1472,9,16,OR-N,4,4,797,934,TPTPTPT
1473,9,16,OR-N,4,4,1461,1479,T
1474,9,16,OR-N,4,4,1515,1638,TPTPTPTPT
1475,9,16,OR-N,4,4,2186,2383,TPTPTPTPTPTPTPT
1476,9,16,OR-N,4,3,1238,1282,TPT
1477,9,16,OR-N,4,3,1713,1844,TPTPTPT
1478,9,16,OR-N,4,3,2193,2265,TPTPT
1479,9,16,OR-N,4,1,2356,2463,TPTPTPT
1480,9,16,OR-N,4,5,1116,1202,TPTPTPTPT
1481,9,16,OR-N,4,5,1940,1994,TPT
1482,9,16,OR-N,4,5,2550,2584,T
1483,9,16,OR-N,4,5,2790,2919,TPTPTPTPT
1484,9,16,OR-N,4,5,2973,3043,TPT
1485,9,16,OR-N,4,5,3684,3776,TPTPT
1486,9,16,OR-N,4,5,4482,4524,T
1487,9,16,OR-N,4,5,4714,4860,TPTPTPTPT
1488,9,16,OR-N,4,5,5428,5484,T
1489,9,16,OR-N,4,5,5578,5627,T
1490,9,16,OR-N,4,5,6057,6095,T
1491,9,16,OR-N,4,5,6143,6173,T
1492,9,16,OR-N,4,5,6406,6510,TPTPTPT
1493,9,16,OR-N,4,5,7400,7433,T
1494,9,16,OR-N,4,5,8031,8093,TPTPTPT
1495,9,16,OR-N,4,5,8568,8670,TPTPT
1496,9,16,OR-N,4,5,9410,9420,T
1497,9,16,OR-N,4,5,9509,9564,TPT
1498,9,16,OR-N,4,5,9948,10050,TPTPTPT
1499,13,4,OD,4,5,1781,1864,TPTPT
1500,13,4,OD,4,5,2252,2391,TPTPT
1501,13,4,OD,4,5,3234,3315,T
1502,13,4,OD,4,5,3744,3886,TPTPT
1503,13,4,OD,4,5,3920,4024,TPT
1504,13,4,OD,4,5,4050,4080,TPT
1505,13,4,OD,4,5,4628,4755,TPTPTPTPT
1506,13,4,OD,4,5,5394,5530,TPTPTPTPTPT
1507,13,4,OD,4,5,6037,6066,T
1508,13,4,OD,4,5,6132,6154,T
1509,13,4,OD,4,5,6157,6161,T
1510,13,3,OR,4,3,1037,1136,TPTPTPT
1511,13,3,OR,4,3,1202,1254,TPT
1512,13,3,OR,4,3,1977,2061,TPT
1513,13,3,OR,4,3,2124,2242,TPTPT
1514,13,3,OR,4,3,2259,2304,T
1515,13,3,OR,4,3,2335,2352,T
1516,13,3,OR,4,5,1716,1823,TPTPTPTPT
1517,13,3,OR,4,5,2431,2480,T
1518,13,3,OR,4,5,2792,2877,TPT
1519,13,3,OR,4,5,2886,2983,TPT
1520,13,3,OR,4,5,3001,3030,T
1521,13,3,OR,4,5,5223,5309,PTPTPT
1522,13,3,OR,4,5,6153,6285,TPTPTPTPTPT
1523,13,3,OR,4,4,832,1019,TPTPTPT
1524,13,3,OR,4,4,1629,1663,TPT
1525,13,3,OR,4,4,1749,1898,TPTPTPTPTPTPTPTPT
1526,13,3,OR,4,2,1415,1557,TPTPTPT
1527,13,3,OR,4,2,1599,1620,T
1528,13,3,OR,4,2,2493,2697,TPTPTPTPT
1529,13,2,HC,4,4,2404,2511,TPTPT
1530,13,2,HC,4,4,2520,2561,T
1531,13,2,HC,4,5,2353,2442,T
1532,13,2,HC,4,5,3281,3345,TPTPT
1533,13,2,HC,4,5,6232,6325,TPT
1534,13,2,HC,4,5,7452,7543,TPT
1535,13,2,HC,4,5,7974,7998,T
1536,13,2,HC,4,5,8315,8323,T
1537,13,2,HC,4,5,8594,8696,TPTPTPTPTP
1538,13,2,HC,4,5,9150,9187,T
1539,13,2,HC,4,3,1345,1435,TPTPTPT
1540,13,2,HC,4,3,1831,1868,T
1541,13,2,HC,4,3,2445,2601,TPTPTPT
1542,13,2,HC,4,2,723,796,PTPTPT
1543,13,2,HC,4,2,806,872,TPT
1544,13,2,HC,4,2,1630,1743,TPTPT
1545,13,11,OR-N,4,4,1009,1031,T
1546,13,11,OR-N,4,4,1434,1550,TPT
1547,13,11,OR-N,4,4,1936,2054,TPTPTPT
1548,13,11,OR-N,4,5,2048,2204,TPTPTPT
1549,13,11,OR-N,4,5,3269,3407,PTPTPTPTPT
1550,13,11,OR-N,4,5,4279,4443,TPTPTPTPTPT
1551,13,11,OR-N,4,5,5045,5069,T
1552,13,11,OR-N,4,5,5467,5641,TPTPTPTPTPTPTPTPT
1553,13,11,OR-N,4,5,6345,6386,TPTPT
1554,13,11,OR-N,4,5,6436,6602,TPTPT
1555,13,11,OR-N,4,5,6615,6636,T
1556,13,11,OR-N,4,5,6652,6693,T
1557,13,11,OR-N,4,5,7684,7766,TPT
1558,13,11,OR-N,4,5,8581,8657,TPTPTPTPT
1559,13,11,OR-N,4,1,2058,2204,TPTPT
1560,13,11,OR-N,4,2,1504,1618,TPTPT
1561,13,11,OR-N,4,2,2353,2396,T
1562,13,11,OR-N,4,2,2654,2685,T
1563,13,11,OR-N,4,3,1196,1319,TPTPTPTPT
1564,13,11,OR-N,4,3,1327,1331,T
1565,13,11,OR-N,4,3,2383,2609,TPTPTPTPTPTPTPTPT
1566,13,1,CON,4,1,1579,1589,T
1567,13,1,CON,4,5,2143,2243,TPTPTPT
1568,13,1,CON,4,5,6901,7004,TPT
1569,13,1,CON,4,5,9575,9697,TPTPT
1570,13,1,CON,4,5,10135,10219,TPTPTPT
1571,13,1,CON,4,2,1645,1776,TPTPTPT
1572,13,1,CON,4,2,2340,2404,T
1573,6,6,HC,4,3,695,715,T
1574,6,6,HC,4,3,994,1054,TPTPT
1575,6,6,HC,4,3,1090,1151,TPT
1576,6,6,HC,4,3,1163,1247,TPTPT
1577,6,6,HC,4,3,1274,1388,TPTPT
1578,6,6,HC,4,3,1952,1965,T
1579,6,6,HC,4,3,2121,2170,TPT
1580,6,6,HC,4,3,2204,2222,T
1581,6,6,HC,4,3,2325,2366,PT
1582,6,6,HC,4,1,427,551,TPTPTPT
1583,6,6,HC,4,1,806,878,TPTPT
1584,6,6,HC,4,1,1495,1499,T
1585,6,6,HC,4,1,1675,1706,T
1586,6,6,HC,4,1,1721,1801,TPTPT
1587,6,6,HC,4,1,1817,1866,TPTPTPT
1588,6,6,HC,4,1,1887,2052,TPTPT
1589,6,6,HC,4,1,2064,2106,T
1590,6,6,HC,4,2,343,374,T
1591,6,6,HC,4,2,431,550,TPTPTPTPTPT
1592,6,6,HC,4,2,581,625,TPT
1593,6,6,HC,4,2,1284,1300,T
1594,6,6,HC,4,2,1365,1535,TPTPTPTPT
1595,6,6,HC,4,2,1555,1650,TPTPT
1596,6,6,HC,4,2,1675,1762,TPT
1597,6,6,HC,4,2,1764,1776,T
1598,6,6,HC,4,2,2482,2509,T
1599,6,6,HC,4,4,107,116,T
1600,6,6,HC,4,4,334,424,TPTPT
1601,6,6,HC,4,4,802,927,TPT
1602,6,6,HC,4,4,1358,1425,TPT
1603,6,6,HC,4,4,1811,1879,TPT
1604,6,6,HC,4,4,1939,1998,T
1605,6,6,HC,4,4,2019,2137,TPTPTPT
1606,6,6,HC,4,4,2593,2695,TPTPTPTPT
1607,6,6,HC,4,5,3160,3307,TPTPTPTPT
1608,6,6,HC,4,5,3893,3998,T
1609,6,6,HC,4,5,4567,4612,TPT
1610,6,6,HC,4,5,5220,5307,TPTPTPTPT
1611,6,6,HC,4,5,5335,5351,T
1612,6,6,HC,4,5,6117,6239,TPTPTPT
1613,6,6,HC,4,5,6305,6337,T
1614,6,6,HC,4,5,6796,6844,TPT
1615,6,6,HC,4,5,7322,7399,TPT
1616,6,6,HC,4,5,7493,7554,TPTPT
1617,6,6,HC,4,5,7567,7711,TPTPTPT
1618,6,6,HC,4,5,7729,7747,T
1619,6,6,HC,4,5,8526,8674,TPTPTPTPTPTPT
1620,6,6,HC,4,5,9441,9483,T
1621,6,6,HC,4,5,9858,10007,TPTPTPTPT
1622,6,1,HC,4,2,1779,1815,T
1623,6,1,HC,4,2,2343,2460,TPTPTPTPTPT
1624,6,1,HC,4,2,2555,2572,T
1625,6,1,HC,4,2,2662,2684,TPT
1626,6,1,HC,4,3,1704,1836,TPTPT
1627,6,1,HC,4,3,2413,2485,TPTPT
1628,6,1,HC,4,5,355,468,TPTPTPT
1629,6,1,HC,4,5,520,576,TPTPT
1630,6,1,HC,4,5,1549,1661,TPTPT
1631,6,1,HC,4,5,1756,1784,T
1632,6,1,HC,4,5,5213,5287,PTPT
1633,6,1,HC,4,5,8634,8641,T
1634,6,1,HC,4,4,921,1068,TPTPTPTPTPT
1635,6,1,HC,4,4,1477,1488,TPT
1636,6,1,HC,4,4,1509,1651,TPT
1637,6,1,HC,4,4,2401,2435,TPT
1638,6,1,HC,4,1,712,845,TPTPT
1639,6,1,HC,4,1,1911,2029,TPTPTPTPT
1640,6,1,HC,4,1,2064,2090,T
1641,6,10,OD,4,5,936,959,T
1642,6,10,OD,4,5,1559,1582,T
1643,6,10,OD,4,5,2211,2384,TPTPTPT
1644,6,10,OD,4,5,2449,2510,T
1645,6,10,OD,4,5,3343,3353,T
1646,6,10,OD,4,5,4193,4359,TPTPTPTPT
1647,6,10,OD,4,5,5260,5298,T
1648,6,10,OD,4,5,5403,5464,TPTPTPT
1649,6,10,OD,4,5,6178,6232,T
1650,6,10,OD,4,5,6586,6776,TPTPTPTPT
1651,6,10,OD,4,5,7238,7293,TPT
1652,6,10,OD,4,5,7317,7501,TPTPTPTPTPT
1653,6,10,OD,4,5,7523,7590,T
1654,6,10,OD,4,5,8139,8151,T
1655,6,10,OD,4,5,8372,8425,T
1656,6,10,OD,4,5,8490,8494,T
1657,6,10,OD,4,3,1236,1306,TPT
1658,6,10,OD,4,3,1951,2054,T
1659,6,10,OD,4,2,1318,1357,TPT
1660,6,10,OD,4,2,1386,1471,TPTPT
1661,6,10,OD,4,2,1518,1565,T
1662,6,10,OD,4,4,860,944,TPTPT
1663,6,10,OD,4,4,1739,1794,TPT
1664,6,10,OD,4,4,2321,2446,TPTPTPTPTPT
1665,6,4,CON,4,1,2403,2538,TPTPTPT
1666,6,4,CON,4,4,516,554,T
1667,6,4,CON,4,4,757,1057,TPTPTPTPTPTPTPT
1668,6,4,CON,4,4,1487,1517,T
1669,6,4,CON,4,4,1644,1776,TPTPTPTPT
1670,6,4,CON,4,4,2215,2242,T
1671,6,4,CON,4,2,1132,1237,TPTPT
1672,6,4,CON,4,2,1769,1868,TPTPT
1673,6,4,CON,4,5,1226,1517,TPTPTPTPTPT
1674,6,4,CON,4,5,2185,2384,TPTPTPTPTPTPT
1675,6,4,CON,4,5,3586,4016,TPTPTPTPTPTPTPTPTPT
1676,6,4,CON,4,5,4773,4877,TPTPT
1677,6,4,CON,4,5,5876,6026,TPTPTPTPT
1678,6,4,CON,4,5,6856,6936,TPTPT
1679,6,4,CON,4,5,7342,7358,T
1680,6,4,CON,4,5,7882,7954,TPTPTPTPT
1681,6,4,CON,4,5,8016,8130,TPT
1682,6,4,CON,4,5,9398,9433,T
1683,6,4,CON,4,3,2305,2443,TPTPT
1684,6,7,OR-N,4,2,2272,2298,T
1685,6,7,OR-N,4,2,2381,2457,TPTPTPT
1686,6,7,OR-N,4,5,2069,2238,TPTPT
1687,6,7,OR-N,4,5,3999,4217,TPTPTPTPTPT
1688,6,7,OR-N,4,5,6332,6498,TPTPTPTPTPT
1689,6,7,OR-N,4,5,7913,7967,PT
1690,6,7,OR-N,4,5,8655,8692,TP
1691,6,7,OR-N,4,5,8806,8985,T
1692,6,7,OR-N,4,5,10625,10799,TPT
1693,6,7,OR-N,4,3,1190,1249,TPTPTPT
1694,6,7,OR-N,4,3,1262,1323,TPTPT
1695,6,7,OR-N,4,3,1383,1446,TPT
1696,6,7,OR-N,4,3,2268,2410,TPTPTPT
1697,6,7,OR-N,4,3,2444,2528,PTPTPT
1698,6,7,OR-N,4,4,1318,1360,TPT
1699,6,7,OR-N,4,4,1510,1555,T
1700,6,7,OR-N,4,4,1645,1663,TPT
1701,6,3,HC,4,1,747,938,TPTPTPTPT
1702,6,3,HC,4,4,819,831,T
1703,6,3,HC,4,4,1125,1242,TPTPT
1704,6,3,HC,4,4,1321,1346,T
1705,6,3,HC,4,4,1420,1461,T
1706,6,3,HC,4,4,2355,2495,TPTPTP
1707,6,3,HC,4,3,999,1007,T
1708,6,3,HC,4,3,1267,1309,TPT
1709,6,3,HC,4,3,1777,1944,TPTPTPTPTPTPT
1710,6,3,HC,4,3,2672,2698,T
1711,6,3,HC,4,2,1413,1549,TPTPTPTPTPTPTPT
1712,6,3,HC,4,2,1560,1715,TPT
1713,6,3,HC,4,5,800,941,TPTPTPTPTPTPT
1714,6,3,HC,4,5,2745,2881,TPTPTPTPT
1715,6,3,HC,4,5,3440,3635,TPTPTPT
1716,6,3,HC,4,5,3679,3733,T
1717,6,3,HC,4,5,4277,4423,TPTPTPTPTPT
1718,6,3,HC,4,5,4467,4493,T
1719,6,3,HC,4,5,6759,6812,TPTPTPT
1720,6,3,HC,4,5,7313,7476,T
1721,6,3,HC,4,5,8378,8421,T
1722,6,2,OD,4,4,816,844,T
1723,6,2,OD,4,4,1194,1217,T
1724,6,2,OD,4,4,1257,1360,TPTPTPT
1725,6,2,OD,4,4,1410,1437,TPT
1726,6,2,OD,4,4,2093,2206,TPTPTPT
1727,6,2,OD,4,4,2246,2377,TPTPT
1728,6,2,OD,4,1,1834,1959,TPTPT
1729,6,2,OD,4,3,925,1120,TPTPTPTPTPTPTPTPT
1730,6,2,OD,4,3,1153,1212,T
1731,6,2,OD,4,3,1248,1350,TPT
1732,6,2,OD,4,3,2477,2562,TPTPTPTPTPT
1733,6,2,OD,4,5,1186,1251,TPT
1734,6,2,OD,4,5,1310,1354,T
1735,6,2,OD,4,5,1457,1555,TPTPT
1736,6,2,OD,4,5,2624,2684,TPTPTPT
1737,6,2,OD,4,5,2690,2874,TPTPTPTPTPT
1738,6,2,OD,4,5,3868,3893,TPT
1739,6,2,OD,4,5,3895,4046,TPTPTPTPT
1740,6,2,OD,4,5,4069,4144,TPTPT
1741,6,2,OD,4,5,4183,4203,TPT
1742,6,2,OD,4,5,5339,5398,TPTPTPTPT
1743,6,2,OD,4,5,6289,6333,T
1744,6,2,OD,4,5,6442,6560,T
1745,6,2,OD,4,5,7538,7614,TPTPTPT
1746,6,2,OD,4,5,9189,9379,TPTPT
1747,6,2,OD,4,2,740,773,T
1748,6,2,OD,4,2,1253,1374,TPTPT
1749,6,2,OD,4,2,2430,2472,TPTPT
1750,6,5,OR,4,1,2448,2491,TPT
1751,6,5,OR,4,2,1641,1711,TPTPT
1752,6,5,OR,4,5,1122,1169,PTPT
1753,6,5,OR,4,5,1283,1348,TPT
1754,6,5,OR,4,5,2660,2974,TPTPTPTPTPTPTPT
1755,6,5,OR,4,5,3571,3584,T
1756,6,5,OR,4,5,3960,3972,T
1757,6,5,OR,4,5,4096,4115,T
1758,6,5,OR,4,5,4226,4260,T
1759,6,5,OR,4,5,4576,4685,TPTPTPT
1760,6,5,OR,4,5,4743,4781,T
1761,6,5,OR,4,5,5312,5336,T
1762,6,5,OR,4,5,5377,5395,T
1763,6,5,OR,4,5,5432,5738,TPTPTPTPTPTPTPTPTPTPT
1764,6,5,OR,4,5,6355,6381,T
1765,6,5,OR,4,5,6451,6460,T
1766,6,5,OR,4,5,6732,6874,TPTPTPTPT
1767,6,5,OR,4,5,7246,7452,TPTPT
1768,6,5,OR,4,5,7963,8313,TPTPTPTPTPTPT
1769,6,5,OR,4,5,9523,9563,T
1770,6,5,OR,4,5,9628,9746,TPTPT
1771,6,5,OR,4,5,9777,9836,T
1772,6,5,OR,4,5,10331,10358,T
1773,6,5,OR,4,5,10502,10656,TPTPTPT
1774,6,5,OR,4,4,1168,1255,TPTPTPT
1775,6,5,OR,4,4,2365,2556,TPTPTPTPTPT
1776,6,5,OR,4,4,2663,2698,T
1777,6,5,OR,4,3,1699,1765,TPTPT
1778,6,5,OR,4,3,2086,2209,TPTPTPTPT
1779,3,3,HC,4,3,1891,2107,TPTPT
1780,3,3,HC,4,5,1735,1788,TPT
1781,3,3,HC,4,5,1852,1920,TPT
1782,3,3,HC,4,5,2866,3020,TPTPTPT
1783,3,3,HC,4,5,4399,4415,T
1784,3,3,HC,4,5,4505,4663,TPTPTPT
1785,3,3,HC,4,5,5710,5826,TPT
1786,3,3,HC,4,5,6371,6423,TP
1787,3,3,HC,4,5,7211,7311,TPTPTPT
1788,3,3,HC,4,5,8083,8098,T
1789,3,3,HC,4,5,9383,9440,T
1790,3,3,HC,4,5,9906,9990,TPTPTPT
1791,3,3,HC,4,4,2578,2585,T
1792,3,3,HC,4,4,2694,2699,T
1793,3,2,CON,4,5,1120,1278,TPTPTPTPTPT
1794,3,2,CON,4,5,1640,1717,TPT
1795,3,2,CON,4,5,1783,1843,T
1796,3,2,CON,4,5,2752,2878,TPTPT
1797,3,2,CON,4,5,4100,4286,TPTPTPTPT
1798,3,2,CON,4,5,5683,5799,TPTPTPTPTPTPT
1799,3,2,CON,4,5,6220,6291,TPT
1800,3,2,CON,4,5,6314,6478,TPTPTPTPT
1801,3,2,CON,4,5,7524,7639,TPTPT
1802,3,2,CON,4,5,7996,8100,TPTPTPT
1803,3,2,CON,4,5,10160,10236,PT
1804,3,2,CON,4,5,10894,10921,T
1805,3,2,CON,4,4,1164,1195,TPT
1806,3,2,CON,4,4,1272,1373,TPTPTP
1807,3,2,CON,4,4,1395,1455,T
1808,3,2,CON,4,4,2100,2170,TPTPT
1809,3,6,HC,4,2,1865,1905,TPT
1810,3,6,HC,4,2,1939,1986,TPT
1811,3,6,HC,4,2,2515,2531,T
1812,3,6,HC,4,2,2668,2702,TPT
1813,3,6,HC,4,5,3161,3323,TPTPTPTPTPT
1814,3,6,HC,4,5,4299,4358,T
1815,3,6,HC,4,5,8297,8404,PTPTPTPT
1816,3,6,HC,4,5,9262,9298,TPTPT
1817,3,6,HC,4,5,9609,9672,TPTPTPT
1818,3,6,HC,4,5,10340,10372,T
1819,3,6,HC,4,3,878,1024,TPTPTPTPT
1820,3,6,HC,4,1,2057,2114,TPTPT
1821,3,6,HC,4,4,714,860,TPTPTPT
1822,3,6,HC,4,4,1496,1520,TPT
1823,3,6,HC,4,4,2486,2527,T
1824,3,6,HC,4,4,2634,2672,TPT
1825,3,4,OD,4,3,794,867,TPT
1826,3,4,OD,4,3,1263,1465,TPTPTPTPT
1827,3,4,OD,4,3,2251,2388,TPTPTPTPT
1828,3,4,OD,4,1,2296,2330,TPT
1829,3,4,OD,4,5,1317,1464,TPTPTPTPT
1830,3,4,OD,4,5,1500,1559,TPTPT
1831,3,4,OD,4,5,1938,2015,TPTPTP
1832,3,4,OD,4,5,2702,2764,TPTPT
1833,3,4,OD,4,5,2786,2992,TPTPTPTPT
1834,3,4,OD,4,5,3400,3455,T
1835,3,4,OD,4,5,3496,3602,TPTPT
1836,3,4,OD,4,5,4477,4568,TPTPTPTPT
1837,3,4,OD,4,5,4613,4693,T
1838,3,4,OD,4,5,8025,8044,T
1839,3,4,OD,4,5,8491,8537,T
1840,3,4,OD,4,5,8895,8910,T
1841,3,4,OD,4,5,9555,9658,TPTPT
1842,3,4,OD,4,4,1256,1366,TPTPT
1843,3,4,OD,4,4,1430,1654,TPTPTPTPT
1844,3,4,OD,4,4,2282,2298,TPTPT
1845,3,4,OD,4,2,1552,1645,TPT
1846,3,5,OR-N,4,4,2209,2296,TPTPT
1847,3,5,OR-N,4,4,2343,2404,T
1848,3,5,OR-N,4,5,3175,3348,TPTPTPTPTPTPT
1849,3,5,OR-N,4,5,3760,3836,TPT
1850,3,5,OR-N,4,5,3868,3982,TPTPTPTPT
1851,3,5,OR-N,4,5,5753,5904,TPTPTPT
1852,3,5,OR-N,4,5,6749,6830,TPT
1853,3,5,OR-N,4,5,7567,7632,T
1854,3,5,OR-N,4,5,7686,7718,TPT
1855,3,5,OR-N,4,5,8401,8628,TPTPTPTPT
1856,3,1,OR,4,5,1794,1809,T
1857,3,1,OR,4,5,2079,2126,T
1858,3,1,OR,4,5,2780,2798,T
1859,3,1,OR,4,5,3146,3154,T
1860,3,1,OR,4,5,3778,3880,TPT
1861,3,1,OR,4,5,4259,4265,T
1862,3,1,OR,4,5,4489,4507,T
1863,3,1,OR,4,5,4669,4895,TPTPTPTPTPTPTPTPTPTPT
1864,3,1,OR,4,5,9715,9731,T
1865,3,1,OR,4,5,9956,9966,T
1866,3,1,OR,4,5,10071,10182,TPTPTPT
1867,3,1,OR,4,5,10355,10453,TPTPT
1868,3,1,OR,4,4,1882,1955,TPT
1869,4,1,CON,4,4,833,873,TPTPT
1870,4,1,CON,4,4,920,1055,TPTPTPTPT
1871,4,1,CON,4,4,1983,2047,T
1872,4,1,CON,4,4,2108,2224,TPTPTPTPT
1873,4,1,CON,4,5,1190,1331,TPTPTPTPT
1874,4,1,CON,4,5,1987,2041,TPT
1875,4,1,CON,4,5,2757,2887,TPTPTPTPT
1876,4,1,CON,4,5,3674,3842,TPTPTPTPTPTPTPT
1877,4,1,CON,4,5,3890,3923,T
1878,4,1,CON,4,5,5534,5582,TPT
1879,4,1,CON,4,5,5615,5745,TPTPT
1880,4,1,CON,4,5,7790,7843,T
1881,4,1,CON,4,5,8305,8347,T
1882,4,1,CON,4,5,9210,9265,T
1883,4,1,CON,4,3,830,847,T
1884,4,1,CON,4,3,1164,1303,TPTPTPTPTPTPT
1885,4,1,CON,4,3,1332,1449,TPTPT
1886,4,1,CON,4,3,2118,2230,TPTPTPTPT
1887,4,1,CON,4,3,2280,2376,TPT
1888,4,1,CON,4,2,1117,1226,TPT
1889,4,1,CON,4,2,1970,1991,T
1890,4,1,CON,4,2,2452,2646,TPTPTPTPTPT
1891,4,3,OR,4,4,586,615,TPTPT
1892,4,3,OR,4,4,670,742,TPTPT
1893,4,3,OR,4,4,1357,1451,T
1894,4,3,OR,4,4,1469,1726,TPTPTPTPTPT
1895,4,3,OR,4,5,560,582,T
1896,4,3,OR,4,5,716,865,TPTPT
1897,4,3,OR,4,5,887,910,T
1898,4,3,OR,4,5,1594,1786,TPTPTPTPT
1899,4,3,OR,4,5,1823,1861,T
1900,4,3,OR,4,5,2346,2412,T
1901,4,3,OR,4,5,2505,2618,TPT
1902,4,3,OR,4,5,3184,3214,T
1903,4,3,OR,4,5,3475,3494,T
1904,4,3,OR,4,5,3656,3663,T
1905,4,3,OR,4,5,3718,3867,TPTPTPT
1906,4,3,OR,4,5,4143,4151,T
1907,4,3,OR,4,5,4352,4476,TPTPTPT
1908,4,3,OR,4,5,4557,4570,T
1909,4,3,OR,4,5,4939,4961,TPT
1910,4,3,OR,4,5,5218,5235,T
1911,4,3,OR,4,5,5553,5557,T
1912,4,3,OR,4,5,5625,5647,T
1913,4,3,OR,4,5,5694,5842,TPTPTPTPTPTPT
1914,4,3,OR,4,5,6235,6345,TPTPTPTPTPT
1915,4,3,OR,4,5,6713,6740,T
1916,4,3,OR,4,5,6978,7068,TPTPT
1917,4,3,OR,4,5,7097,7230,TPTPTPTPT
1918,4,3,OR,4,5,7512,7532,T
1919,4,3,OR,4,5,9656,9734,TPTPT
1920,4,3,OR,4,5,10006,10032,T
1921,4,3,OR,4,5,10358,10466,TPTPTPTPTPT
1922,4,3,OR,4,5,10720,10744,T
1923,4,3,OR,4,3,1748,1856,TPTPT
1924,4,3,OR,4,3,2545,2565,T
1925,4,6,OD,4,2,1218,1343,TPTPTPT
1926,4,6,OD,4,2,1385,1420,TP
1927,4,6,OD,4,2,2243,2301,TPT
1928,4,6,OD,4,2,2370,2393,T
1929,4,6,OD,4,4,764,925,T
1930,4,6,OD,4,4,961,1117,TPTPTPTPTPTPTPT
1931,4,6,OD,4,4,1937,2101,TPTPTPT
1932,4,6,OD,4,5,2246,2366,TPTPTPT
1933,4,6,OD,4,5,2859,2908,T
1934,4,6,OD,4,5,3515,3640,TPTPT
1935,4,6,OD,4,5,3851,3927,TPT
1936,4,6,OD,4,5,4447,4469,T
1937,4,6,OD,4,5,4501,4561,TP
1938,4,6,OD,4,5,5353,5477,TPTPTPTPTPT
1939,4,6,OD,4,5,7673,7770,TPTPTPTPT
1940,4,6,OD,4,5,8345,8361,T
1941,4,6,OD,4,5,8871,8887,TPTPT
1942,4,6,OD,4,5,9175,9229,T
1943,4,6,OD,4,5,9337,9370,T
1944,4,6,OD,4,5,9581,9679,TPTPT
1945,4,6,OD,4,5,9906,10042,TPT
1946,4,6,OD,4,1,2416,2523,TPTPT
1947,4,6,OD,4,3,1190,1210,T
1948,4,6,OD,4,3,1267,1366,TPTPTPT
1949,4,6,OD,4,3,1561,1714,TPTPT
1950,4,2,HC,4,4,860,919,TPT
1951,4,2,HC,4,4,1043,1053,T
1952,4,2,HC,4,4,2064,2186,TPTPTPT
1953,4,2,HC,4,5,669,678,T
1954,4,2,HC,4,5,708,863,TPTPTPT
1955,4,2,HC,4,5,1639,1731,TPTPT
1956,4,2,HC,4,5,1764,1829,TPTPTPT
1957,4,2,HC,4,5,1932,1969,T
1958,4,2,HC,4,5,3027,3042,PT
1959,4,2,HC,4,5,3055,3150,T
1960,4,2,HC,4,5,3163,3345,T
1961,4,2,HC,4,5,3385,3611,TPTPTPTPTPT
1962,4,2,HC,4,5,3684,3714,T
1963,4,2,HC,4,5,4187,4317,T
1964,4,2,HC,4,5,5005,5135,TPTPTPTPTPT
1965,4,2,HC,4,5,7961,7976,T
1966,4,2,HC,4,5,8643,8686,T
1967,4,2,HC,4,5,8854,9028,TPTPTPTPT
1968,4,2,HC,4,5,10139,10198,TPTPT
1969,4,4,OR-N,4,5,1111,1224,T
1970,4,4,OR-N,4,5,2344,2484,TPTPTPT
1971,4,4,OR-N,4,5,4670,4799,TPTPTPTPTPT
1972,4,4,OR-N,4,5,5623,5639,TPT
1973,4,4,OR-N,4,5,5725,5806,TPTPTPTPTPTPT
1974,4,4,OR-N,4,5,6285,6317,T
1975,4,4,OR-N,4,5,6398,6463,TPT
1976,4,4,OR-N,4,5,7308,7335,T
1977,4,4,OR-N,4,5,7383,7486,TPTPT
1978,4,4,OR-N,4,5,8207,8299,TPT
1979,4,4,OR-N,4,5,9225,9279,TPTPTPTPT
1980,4,4,OR-N,4,5,9316,9349,T
1981,4,4,OR-N,4,4,1286,1371,TPTPT
1982,4,4,OR-N,4,4,2033,2164,TPTPTPTP
1983,11,2,OD,4,1,1794,1923,TPTPTPTPTPTPTPT
1984,11,2,OD,4,1,1967,1995,T
1985,11,2,OD,4,1,2359,2471,T
1986,11,2,OD,4,1,2486,2558,T
1987,11,2,OD,4,3,1312,1458,TPTPT
1988,11,2,OD,4,3,1470,1514,T
1989,11,2,OD,4,3,2112,2132,T
1990,11,2,OD,4,3,2286,2300,T
1991,11,2,OD,4,3,2346,2442,TPTPTPTPT
1992,11,2,OD,4,3,2478,2574,TPT
1993,11,2,OD,4,4,1283,1407,TPTPT
1994,11,2,OD,4,4,1864,1892,T
1995,11,2,OD,4,4,2083,2128,T
1996,11,2,OD,4,4,2188,2315,TPTPTPT
1997,11,2,OD,4,2,668,756,TPT
1998,11,2,OD,4,2,1510,1653,TPTPT
1999,11,2,OD,4,2,2263,2288,T
2000,11,2,OD,4,2,2619,2695,TPTPTPTP
2001,11,2,OD,4,5,1801,1832,T
2002,11,2,OD,4,5,2099,2244,TPTPTPTPTPT
2003,11,2,OD,4,5,2690,2724,T
2004,11,2,OD,4,5,3011,3043,T
2005,11,2,OD,4,5,3289,3428,TPTPTPT
2006,11,2,OD,4,5,3550,3604,T
2007,11,2,OD,4,5,3894,3943,TPT
2008,11,2,OD,4,5,4221,4258,T
2009,11,2,OD,4,5,4290,4402,TPT
2010,11,2,OD,4,5,4425,4464,T
2011,11,2,OD,4,5,4789,4904,T
2012,11,2,OD,4,5,4930,4968,T
2013,11,2,OD,4,5,7728,7824,TPTPTPTPTPTPTPT
2014,11,2,OD,4,5,7848,7855,T
2015,11,2,OD,4,5,8082,8099,T
2016,11,2,OD,4,5,8176,8191,T
2017,11,2,OD,4,5,8214,8250,T
2018,11,2,OD,4,5,8264,8289,TPTPT
2019,11,2,OD,4,5,8342,8442,TPTPT
2020,11,2,OD,4,5,8945,9010,T
2021,11,2,OD,4,5,9226,9304,T
2022,11,2,OD,4,5,9796,9862,TPTPTPT
2023,11,2,OD,4,5,9895,9937,T
2024,11,2,OD,4,5,10640,10649,T
2025,11,3,HC,4,4,1469,1485,TPT
2026,11,3,HC,4,4,1557,1680,TPTPT
2027,11,3,HC,4,4,2083,2176,TPTPT
2028,11,3,HC,4,4,2682,2697,T
2029,11,3,HC,4,1,2447,2463,T
2030,11,3,HC,4,3,486,502,T
2031,11,3,HC,4,3,689,710,T
2032,11,3,HC,4,3,1093,1249,TPTPTPTPTP
2033,11,3,HC,4,3,1273,1307,T
2034,11,3,HC,4,3,1774,1837,PTPT
2035,11,3,HC,4,3,2127,2371,TPT
2036,11,3,HC,4,3,2389,2504,TPT
2037,11,3,HC,4,3,2518,2541,T
2038,11,3,HC,4,3,2555,2591,TPT
2039,11,3,HC,4,5,1696,1847,TPTPTPTPTPT
2040,11,3,HC,4,5,1881,1906,T
2041,11,3,HC,4,5,2494,2611,TPTPTPTPT
2042,11,3,HC,4,5,3135,3252,T
2043,11,3,HC,4,5,3857,3981,TPTPTPTPT
2044,11,3,HC,4,5,5162,5194,T
2045,11,3,HC,4,5,5331,5421,T
2046,11,3,HC,4,5,5448,5538,T
2047,11,3,HC,4,5,5975,5997,T
2048,11,3,HC,4,5,6073,6258,TPTPT
2049,11,3,HC,4,5,6722,6761,TPT
2050,11,3,HC,4,5,8509,8560,T
2051,11,3,HC,4,5,8931,9049,TPTPT
2052,11,3,HC,4,2,997,1056,TPT
2053,11,3,HC,4,2,1103,1318,TPTPTPTPT
2054,11,3,HC,4,2,1853,1869,T
2055,11,3,HC,4,2,2398,2500,TPTPTPTPT
2056,11,3,HC,4,2,2518,2572,T
2057,11,3,HC,4,2,2600,2699,TPTPT
2058,11,1,CON,4,1,1848,1855,T
2059,11,1,CON,4,1,2195,2218,T
2060,11,1,CON,4,1,2365,2388,TPT
2061,11,1,CON,4,2,1574,1724,TPTPTPTPTPT
2062,11,1,CON,4,2,2093,2145,T
2063,11,1,CON,4,3,846,897,TPT
2064,11,1,CON,4,3,1206,1415,TPTPTPTPTPT
2065,11,1,CON,4,3,1986,2010,T
2066,11,1,CON,4,3,2360,2525,TPTPTPTPTPTP
2067,11,1,CON,4,5,726,884,TPTPT
2068,11,1,CON,4,5,1315,1320,T
2069,11,1,CON,4,5,1428,1454,T
2070,11,1,CON,4,5,1859,2013,TPTPT
2071,11,1,CON,4,5,2026,2062,T
2072,11,1,CON,4,5,2450,2472,T
2073,11,1,CON,4,5,2814,2902,TPT
2074,11,1,CON,4,5,3622,3631,T
2075,11,1,CON,4,5,5701,5709,TPT
2076,11,1,CON,4,5,5825,5926,TPTPTPTPT
2077,11,1,CON,4,5,5962,5971,T
2078,11,1,CON,4,5,5997,6025,T
2079,11,1,CON,4,5,6186,6241,TPTPTP
2080,11,1,CON,4,5,6425,6540,TPT
2081,11,1,CON,4,5,6873,6880,T
2082,11,1,CON,4,5,7756,7763,T
2083,11,1,CON,4,5,7952,8120,TPTPTPTPT
2084,11,1,CON,4,5,8611,8619,T
2085,11,1,CON,4,5,8653,8726,TPTPT
2086,11,1,CON,4,5,9023,9033,T
2087,11,1,CON,4,5,9264,9342,TPTPT
2088,11,1,CON,4,5,9597,9662,TPT
2089,11,1,CON,4,4,927,1019,TPTPTPTPTPT
2090,11,1,CON,4,4,1484,1633,TPTPTPT
2091,11,1,CON,4,4,1646,1681,T
2092,11,1,CON,4,4,2153,2188,TPT
2093,11,1,CON,4,4,2688,2707,T
2094,11,4,OR,4,1,2284,2331,T
2095,11,4,OR,4,4,848,1049,TPTPTPTPT
2096,11,4,OR,4,4,1112,1133,T
2097,11,4,OR,4,4,2014,2204,TPTPTPTPTPTPT
2098,11,4,OR,4,2,1156,1304,TPTPT
2099,11,4,OR,4,2,1321,1351,T
2100,11,4,OR,4,2,2009,2062,TPT
2101,11,4,OR,4,5,689,759,T
2102,11,4,OR,4,5,1067,1177,TPTPTPT
2103,11,4,OR,4,5,1231,1264,T
2104,11,4,OR,4,5,1763,1980,TPTPTPTPTPTPTPT
2105,11,4,OR,4,5,2536,2800,TPTPTPTPTPTPTPT
2106,11,4,OR,4,5,3288,3308,T
2107,11,4,OR,4,5,3350,3489,TPTPTPTPTPTPT
2108,11,4,OR,4,5,3530,3569,T
2109,11,4,OR,4,5,4460,4473,T
2110,11,4,OR,4,5,4632,4679,TPT
2111,11,4,OR,4,5,4719,4927,TPTPTPT
2112,11,4,OR,4,5,5201,5206,T
2113,11,4,OR,4,5,5472,5501,T
2114,11,4,OR,4,5,6573,6595,T
2115,11,4,OR,4,5,6904,6980,TPTPT
2116,11,4,OR,4,5,7335,7428,TPTPT
2117,11,4,OR,4,5,7713,7835,TPTPTPT
2118,11,4,OR,4,5,9605,9617,T
2119,11,4,OR,4,5,9674,9784,T
2120,11,4,OR,4,3,508,518,T
2121,11,4,OR,4,3,736,900,TPTPTPT
2122,11,4,OR,4,3,928,1012,TPT
2123,11,4,OR,4,3,1791,1928,TPTPTPTPTPT
2124,11,4,OR,4,3,1961,2026,TPTPT
